CREATE DATABASE  IF NOT EXISTS `procity` /*!40100 DEFAULT CHARACTER SET latin1 */;
USE `procity`;
-- MySQL dump 10.13  Distrib 5.5.16, for Win32 (x86)
--
-- Host: localhost    Database: procity
-- ------------------------------------------------------
-- Server version	5.5.28

/*!40101 SET @OLD_CHARACTER_SET_CLIENT=@@CHARACTER_SET_CLIENT */;
/*!40101 SET @OLD_CHARACTER_SET_RESULTS=@@CHARACTER_SET_RESULTS */;
/*!40101 SET @OLD_COLLATION_CONNECTION=@@COLLATION_CONNECTION */;
/*!40101 SET NAMES utf8 */;
/*!40103 SET @OLD_TIME_ZONE=@@TIME_ZONE */;
/*!40103 SET TIME_ZONE='+00:00' */;
/*!40014 SET @OLD_UNIQUE_CHECKS=@@UNIQUE_CHECKS, UNIQUE_CHECKS=0 */;
/*!40014 SET @OLD_FOREIGN_KEY_CHECKS=@@FOREIGN_KEY_CHECKS, FOREIGN_KEY_CHECKS=0 */;
/*!40101 SET @OLD_SQL_MODE=@@SQL_MODE, SQL_MODE='NO_AUTO_VALUE_ON_ZERO' */;
/*!40111 SET @OLD_SQL_NOTES=@@SQL_NOTES, SQL_NOTES=0 */;

--
-- Table structure for table `bairro`
--

DROP TABLE IF EXISTS `bairro`;
/*!40101 SET @saved_cs_client     = @@character_set_client */;
/*!40101 SET character_set_client = utf8 */;
CREATE TABLE `bairro` (
  `id` bigint(20) NOT NULL AUTO_INCREMENT,
  `data_ult_alteracao` datetime NOT NULL,
  `usuario_ult_alteracao` varchar(150) NOT NULL,
  `versao` int(11) NOT NULL,
  `nome` varchar(120) NOT NULL,
  PRIMARY KEY (`id`)
) ENGINE=InnoDB AUTO_INCREMENT=7 DEFAULT CHARSET=latin1;
/*!40101 SET character_set_client = @saved_cs_client */;

--
-- Dumping data for table `bairro`
--

LOCK TABLES `bairro` WRITE;
/*!40000 ALTER TABLE `bairro` DISABLE KEYS */;
/*!40000 ALTER TABLE `bairro` ENABLE KEYS */;
UNLOCK TABLES;

--
-- Table structure for table `bairro_aud`
--

DROP TABLE IF EXISTS `bairro_aud`;
/*!40101 SET @saved_cs_client     = @@character_set_client */;
/*!40101 SET character_set_client = utf8 */;
CREATE TABLE `bairro_aud` (
  `id` bigint(20) NOT NULL,
  `rev` int(11) NOT NULL,
  `revtype` tinyint(4) DEFAULT NULL,
  `nome` varchar(120) DEFAULT NULL,
  PRIMARY KEY (`id`,`rev`),
  KEY `FK_ky0x0xl1s9g8v0c1lp44ra83n` (`rev`),
  CONSTRAINT `FK_ky0x0xl1s9g8v0c1lp44ra83n` FOREIGN KEY (`rev`) REFERENCES `revision` (`rev`)
) ENGINE=InnoDB DEFAULT CHARSET=latin1;
/*!40101 SET character_set_client = @saved_cs_client */;

--
-- Dumping data for table `bairro_aud`
--

LOCK TABLES `bairro_aud` WRITE;
/*!40000 ALTER TABLE `bairro_aud` DISABLE KEYS */;
/*!40000 ALTER TABLE `bairro_aud` ENABLE KEYS */;
UNLOCK TABLES;

--
-- Table structure for table `foto_conteudo_ocorrencia`
--

DROP TABLE IF EXISTS `foto_conteudo_ocorrencia`;
/*!40101 SET @saved_cs_client     = @@character_set_client */;
/*!40101 SET character_set_client = utf8 */;
CREATE TABLE `foto_conteudo_ocorrencia` (
  `id` bigint(20) NOT NULL AUTO_INCREMENT,
  `conteudo_binario` longblob,
  PRIMARY KEY (`id`)
) ENGINE=InnoDB AUTO_INCREMENT=8 DEFAULT CHARSET=latin1;
/*!40101 SET character_set_client = @saved_cs_client */;

--
-- Dumping data for table `foto_conteudo_ocorrencia`
--

LOCK TABLES `foto_conteudo_ocorrencia` WRITE;
/*!40000 ALTER TABLE `foto_conteudo_ocorrencia` DISABLE KEYS */;
/*!40000 ALTER TABLE `foto_conteudo_ocorrencia` ENABLE KEYS */;
UNLOCK TABLES;

--
-- Table structure for table `foto_conteudo_prefeitura`
--

DROP TABLE IF EXISTS `foto_conteudo_prefeitura`;
/*!40101 SET @saved_cs_client     = @@character_set_client */;
/*!40101 SET character_set_client = utf8 */;
CREATE TABLE `foto_conteudo_prefeitura` (
  `id` bigint(20) NOT NULL AUTO_INCREMENT,
  `conteudo_binario` longblob,
  PRIMARY KEY (`id`)
) ENGINE=InnoDB AUTO_INCREMENT=7 DEFAULT CHARSET=latin1;
/*!40101 SET character_set_client = @saved_cs_client */;

--
-- Dumping data for table `foto_conteudo_prefeitura`
--

LOCK TABLES `foto_conteudo_prefeitura` WRITE;
/*!40000 ALTER TABLE `foto_conteudo_prefeitura` DISABLE KEYS */;
INSERT INTO `foto_conteudo_prefeitura` VALUES (6,'\0JFIF\0\0H\0H\0\0\0C\0\0C\0\0\0\0\0\0\0\0\0\0\0\0\0\0\0\0	\n\0G\0\0		\0\0	!\"\n1A#Q$2aq3BR&%CFr)46Tb\0\0\0\0\0\0\0\0\0\0\0\0\0	\n\0Z\0\0\0!1\"AQ#2aqB	$3RbrC%&4Ss56TcuDEUtde\0\0\0?\0SSSSSSSSVvS^3wUtJ+r.y\ZC-%>$B/Sc\"{y8ЕUD2{Yl6Q\0|G\n;&lG4zO)`d˽4)-k7ا)7%F`\0,4MC*+-t%l8/BuԢGIfkMs׵\ZҰJjξC+PXx9QF:!\"/=/ѥ~69n$dJsV=Ԥ$mW᮷ָ#;)}a I]#pF6	1q9,F9FzςP\Z性%UAmBo{v\"f6Z]ZmCƺW2o;i-3m63VB!LD$)\Z.W}|S+WҨ[KN}֬{:Sun	u{!k+Ms_UGT>\'Y5FQ\r9x39pKgJ=-Թ#Aj#{D䨟1^wvzok\r{sI@#Q=bk$ol*yytH1L$\0^$J:ܘZ	)Pt\ra-c׷5ru9ણea~\0K(YC%|>R?KKRѨuRB> Xeis׍gmg4B΋WzFdnToPJBi<dz\0@;\0\r%KҮ,bs8\'k\Z-иڮS\\l	Utm7ihL,ʆdL&-5eI#phm59<D1H\0GsBP$p<7 x@\03jꋫ-l$zhn4;MP@ʏ6&KC~2L	\n7(0f~\"Dfj*d56\\S\ZMs	H{HmU۳}Kg<XWG^Gg_@e9m֔yBO\'00̵%IUk\rBRU\'@\0UkF]=`\0?s[i\n+*\ncTq>Y\08IS*2V$.+6r\Z<RRRRRRRRRRRRRRREz1^Up؁\'DYhZ=NU<@\0F>|c<Tc|(\nP@<\0ukOS`:X\rC.`4#{HLܶ,a3TH\0<6KG+Pl_^mUuH{c爛h\\U1Uz@.k[iEHV\'\\\"מK*,bIJ;JN\'.amHwmHCe^z!́:.@H6Ae2f4.`/PUT&{-yZr6	e8\Zp,f6*JAowN:h7}b#R\nuXv[[6@MC}WtֺKyuAW/DikB\0lL:o(Ύ#k~(0%+u<qrBS\rgpd\nGԇX])*&h#T29U-{̥0qAɔ%rP-*V0K|MԐ40-w9i-C16۔V6>֔>x_/T*>؉M8:M%AKCH2Ƈgg\'j\0LNBYt\0ռn*ceF7\"1<)GȿXdPc$`Z\0lՏ	LE\"]I;+ >;@֝$7-1R#C韌%	l_kT[IԗZdͶG..|zX[])+N:A?:&.I*ww#>I2(J$XYy4<N*?\r5/K7<iS\nz lliξ۝H%[WgiLrD5JtIEhE[P42^KqE8EKvӰ6\r90aZ?~kOF]\0*9^{gEe&lB{1pM7!L2n`LC綞}T0\\Sʜ6䶐bxc:Flvس\"ίdY\\j^5۾ǑDyG 1Xiܔ\\HI\nR%˭)v&V	\Z*)*.yɷM9_*(EF}BHО6EzZv@,\npXǪ\"N@wzt:\"xwOgAS\n4,\n[0)V< Jl<ҩ9NޱЀoqT؎3JD|I!Ii\ZlC6@=ko\\*%]9O(E+IEA<Ͷ-:\\ZlѩIMy\r2ى)@K5I-7uDx쪉#\r\nV\'\nkZQy.(M/||DowIO&IB ;^q5҉ԯP[<ᮛ$|*W<>biq/_t\"75B\\u6mm/C[pՎ\\tmf%<R9Ed0T*Hڬ@Lqs]\r4F׈LrjRůmFE־hom%uec[<m|Җqj]cٕ%\ri4\r&<!N =@H S.-M_gBY1bֿq@-b*ڜ^ZZ0MS^+RUR6\"ʡPo2AhE璪zuIURlFk{\0PW)N)N)N)N)N)N)N)N)N)Pjw\ry#d-KN𺭠zɷ\'\rQO%gI\"jmXpFk>:[䅨%8z%w^W춓o/Pͳ)Ů\0VM[O7;eX.\n;~@\0tB$z%`$Z\ȓiw\'V\r!%/B%!<䕥<*@B[pa	%h \rTDΘ\ZPI}{SȅQވ.2-S\rgk-0DLTzd,BU8Mh_e/Jilh*Kq`ZWsKqx\r\\Oz\0xr*[e\"\0HE^F1qBuurBaJ9Hcٯ#!ĘG}(_lH PJT<lAMf4ZV?|#gVl@YA+\n>3@adʏ@ypw/S-ɘvIh0⺴\r:SM^AoV55zn啠:oCFX[$C!5bZ|3r$rUZ\\ݚRAZ2L0v\"}Ttep[$91Vy-krqeTux\\]ꁪ5O2@AԶz*֘Fb\r[I:-%-NT.W1ns4BBK$8!^d<[«2ߩn\Z_SzovfVsLtɐXk$Tc_XQi-\Ze)1?<!Z@wH8ֽ)*%JS(G1*l^4]I:rֺME_i+\0QdɧL]gbk	JNcĪ\"O=9֖IP\\o[p8cP;fډ\nuo\'oVO*^L7tE}2j=Mm\"jt-r!Tnl\'f\0dyrqHJ5aEhY` \"u^q9je$6\'WAUszfͮmPOHu\'ոEE`KΈ;W{)sSpL$\nZS\0\ZAT\'@?n\0Ͼ1P%@QkI۽ٯk_twKL\ZqÔ(ʹ̥dPFJ$9,J\r\n?BVOG>.8,KO%qA\0v6SxƖ^\Zj[A<i(lY:MC3o;@\0RN!\"f(u)8T+(VV+Jyp%7<I\0ޣ~}|՞DzjxNI[kt֢Cb:Gۑ8\rbyF\"RE4lE=jYw*\"2\\OmE@!54oi+nU{^тřOQqRw$v6#3o/*;>%y1SU3 JJdQ)\r&z\'c\\p-ml#k˲գxi9LzF\rYN~ J[SK	9` eQ@I\n<>7T8;e#h8#Fq^P%Zwu]\Zv5[f/܃ǼHeJϤlx\"T~(hch#ђ\00\'%*táR=%\0aX[m$h6,=RAZն$\Ze	0=Oҭ|3V :ʺy}\"UÍgrit=	QjƜ:jvNs\0[!ơ^DFV\nebWn/ՍH9\Z#;\0N|d GQHusEoHULVsq۰nHPp\'\"(ڮpr&\"%MkIm<n.5ޭ}&:kV^[g*RG[,֨tV̥\rRGإQC؆%DZr	8o>x*e.f:41	%zoDq.HJXx/}@E5k&QjGiS\Z5\0p/dQu3!XZF@I;%@ROR]B\\l]mB;4(m[j_0a)aFQKT[a̬v˞՝I2CQw?VQvȔ\0ԩأF>&\0%m_mW)qZLiIߜ92\Zdiq(Caiy#VejbmSOޚ63c>\"$Ir\06Dq$_,J>dXU9z}Q\Zx/J8UӒmÖT}zfG.4;N*иH!y0QEX0!3(Ac\\RRRRRRR+RŀTp+ta!AjNPE `1cEkPxӮdz$00 59f@تu)E-8HJ+	PV5mkjv|tSQTqR/~ey.Lb9]^micFA%~M>Iv;UA,莣 I7bdnQjnUSvn\0M.:{P:յB+jᄸa#־DJN,eZW	+CH\'?mj\ZU\nrr5Iss[9Y@dx#ΥIźֹ6>D[m/)G_GVZQ)dQpdXԎF#7(DaapX7.D:i-)+uDH%K.^\Z]SvgOMݽqj>:jjg\\yT؝glH̵C3B\"`ތM][y\\Ԗ+uPԖxXq5JƐwMR1ҹ̭eꃰ&kZImӷZ5,(uy2舒5&\'p--!9,OM V򯽮63Vّd#[xxv%Uիbjw:]\\qr]Tޝe(\\0oYUM_Z$pscZ\")ҫnqs\n\"[(-~	:=,kO1\\TOKL!Уk׮Gi)e5U}l9l\n#_]h^CLl-CN?[~_ƫ\\q4EB᳥:#,/\\h>QRN;MEWXkz%i{^椗/G5#@YR8@bfBri4Š+&&l(ljN%\'.L͒ʻ:47`	֣$\Z;]ލ;*MmPAnuf:4DrPp\\L	P9*ulokB\Z|蓙i\rRcs-U?0O}%)i7\'az=,+ZVE1+	؞ֽZq[BB[UZcaXVAho	ϧ.<vU9)bq⭥M5=f49iۢr]>%B\r$}\r4#tZM2XU!hoV =:2n8IM,YvXQ\086mHC}Ԏ`*߭~>&o&{&~tꮝ9RmGf8*7%\\y1W5B&ZY	Y^Ԁuo}[iLˌ69M-)E\\{JVdye@mtzkTMr!V\nSGJJ%75]HX}e\r\nIdwPafX2K-jN9@:Bu.-{_N#5s*tw-cн\'|	aL7\'Ѻ;*V܃KE\Z`ađc!O\nYpb7x\Z|d+	:\r^*K[o1z\',fpMZcXAC]ԧ	r#>Udb<3RBKaGt[~p۪_OKԺi7͟z*v	(P(5ZF!`k*\nBΝ-jb5,O,o/_%D#ai\nP!.		υ\'_*A*պX_P2JNQW}ܚJK@T-#Iȉ_HO)7D\0PŏY)M7\r/P˖\'FyVTFfZVLhn$Q7\'8u\"l^\r\0k\0insXE0y\"̨´N	[sć\rY-(V\n?祿ULLk뮨!)\r:u)dh\0nPm{[ƶ_Ϧ|xd!zboh؊7J6s\n\"K, -K!!0B7Zu,-N,Wx[Nz]-;r5j=[\')Qd[Zꆢ9Ĳ&>ݍMN	ō86>e\r슔MPH=vSV9l5DȭBCmLU{mƋgPTN7CZsWFk?{^`5&O%]Z?nQNB̅cдhg3{z$JҠy_AS4,;\"P`5af}ʽo4zd-\Ze4Jg%R$P9[:7>\nHKsLڪFzH{[փV>	N<=/U\\p%)ĭ\0E\r{~<a7kB5725)c;3J@kknD,\0Q`1M\\J	TIR*<I\Zq&>D\"g3)Z:(j\0R\'Me:a5.-95\Zs髓Wۜ!RK눍FْU[a[x}\0Zã2Esi|ymPAw}	DJbv\r;\rwcž3DЭokɖT띘Oh-N-q$RI\raFtS୅[yUn&3$Hq`jXR4\ZGxy)\rT{M\0+vM\nD.uUe	KӨpbtrv7mE6>>U2<Y֞\\Wa46KEZwGHdakHt+[K[vκ56FIg1,(kjB\"궠:HYBGj\r<e\ZRQoRm7}k\0Uh=@oiÕC%_X,Aan9_I3a<vOJY^9kyyRWF\\cJ;Wjkt펢tNٕVjwLαjW`]R1 Bde\"v^lX[𯅹R\\T涒GZSiK!hn\0ꮽA)Nd[ʬ{#$=Fxh@6OLrb\"Ti/t@r#B7>]OEaf[@%8,>>:PE$G-R\ZcQ_[(k\'r|{=:J\'vMjOo2يR!Vۄޚ*\nP\nlOz4{KPtwqVR<>{bݒkՎ2F@j`髢\"tZ+$NPld[,NL5m!5_HW	Wz,l=RR,R*In&_ycLV/ZjE֎][:xhr6$_c]v(&1X&!Ĕ!(\0Ʌ侫\0@7S5`QmxBC/ZZ)A\rCTϨlm}]eWNkl:*܂1׭Yn\"Tagh(-1rK%{|\\ocvh!n\\>EKJU;)=+6I覆ѻSq4fBd]jl<\'(8$P@7hQ_`mʖ%*#n)\r#\\Oy;+ \\Жflu«mi4sn%S8HI텱ԿPlhh&EnK܋91Ę1*RN¢DL݇ʹzٱq\Zkv\0^Bk=No9Ֆi)cEAc*a(LR^AFDᔠ7	\0j\n<s;J\Z܋tn\0iX%rۍwV]Ũ\0k!J=ܱߣ^RCZ\"(d{~KAYxr%i,%&iN%5	I[x\nK&GDr\Z9u\rRLIiTK+uUEzmo\\gˎF]eLȎXOW>ΰb-x5@T4#LL3|KZ}G/l\03Qybu\0:=RXPV0I|YWA\0ؠ[ۮuuO\\ڀOl]zo1V$﹏+pp(e<:`f	Q%cɌVT\rrS=ƻvu&m/]._Ĕ\\k@tW5!1[$\r7E	Q=+*e[ER`xV)NoVфK2:Ax2@rSimMe_Fu\n7{D-Fm$XJ_VS\nE{4]sgx/(\ng$1У+HB.<Uv	+إEoa}E\\z*JIQ		%@V<X:b۝#[%0ku`#DVm3ĥUK|K%R4݉R\r\"#XGx<^d1:O/QXV2JvWZ̒7QS-\'U#;F~b:cL,h5>a[\Zg;4Jb\n\nK$\' \'B3>K&G_`)KWABEaGq:Pԁ	UЬʩʖ]0w5ӚUܸ;뢓t^S$he58r!qw5yyM)j)m6Gyv	7Ok`>Jt6#9\'$\n(D\0),ggT\Zm)ROTj}\ZgU!zn\0Hę	G\Z@\\vBI%-\")Ś4X),4\0J8]a֑tt>뭛1	ehVSq_ێhAj6+62uaKWM]\\u$E\\M,KL,Ө*wgA\"-HF9hSkznO\r:,9`KR<Y->ZCJVzH1[z(+Wu+#Rlk|:I\Z&@lVI\nF|tP|:G+\\P/N&\nm>\nHWuM*RXJ,2wQ^iHBj>^z\0#ܦ[:!9`6Ͷe}vB*UrJi\'XT%*xtZqm$NMԀZc7Թf3jC\'s\0;eWmF\nX2\\j]RHf5<:VL(96+Ԩ+y|\rQeek\0ҮWr(cA	<#\0J&h\nP/N5ݝTz/b2\"DHJM.F:1K9#h<rj\r;UH16)cQmKq}ߚSu+kkmgkҧg6\Zd2`ϵU6;?;eֵ\0prv9pRDaB\"F@)PNVҽ8;rۍ6 <څBK)aiIB:,v4>4/[:9V[zs[\'.W:YX,\0rN?FTG[\ZǕn)1~8ІoN~%\\\r62y-/kߗ	g*0:ɗEd0iEF1_K.tT`F\nsJ,R`tֵ:ʫ\Znm6\'B]d vQv~t(ϋݞYwFɚH\07%	ʏmpH@|{\"*#?KP^çY=S;^uzzV~^7r^xkysN~L;\"%8HWag`3{k;toL3&0ayCZ/\rhICz\Z^n|ʋ_t}dSgWaMbQJ9#,\'3{lq\ryo)ՁqNra2Zi{DUKv\r\Z``>(ޡtW#u3tؖt]=RW54SHsC7!dfG@Gv,P,	azYm\Z`$7&D%:CaW\077&\r\\֝=M-3plU]i;\"jѰ\0&\r{0AN-J$˄Bgđ:`0 wht$@Ơc+mJV)Js][rȰkЪfzk̉sbZ>evckD.\Zh\r08ˀ[伙DH6gڹڪ%.R<A yo[\ZUOP\rmlrWv%\rDշ{,p)3+~tMP@+YR[tuS)36v0o^(sx+Ki\0a>~ۺͧ[`4ccm^.kpDv.aaa3\ZhVZ#<\njtEȿ[}\\dr#(yN*.\rzpM]mԋRys?uŝLRNdƘ&WH3.H5aTӦr/=`0q<E\Z0F=c.)P.2pm;XXVeUsh(-M׫EjP/k(\0R4#\'Ia9ICdi\np}sٰНWұ%,4CJޓ-ļW*,i*SH>J\"Z_MMnz#wO<~绦r42j^WthMDzKJX`0.SX~&ulՔsi\0/kr w5sDBRJN II$YECvq9Ҕ \0\0\06\0y^**qJqJqJqJqJqJqJqJqJqJ\0kӞlʝ֧\\ߵP%QpNlf(8A877,gh;,\nI!M~u	=HB鋳AU;-^w֬ZG*qK!Vg啯#)}QH;\0jrG#C),ɘiЭK*HA)RINg}B:wz[QiMTk>ƼRFTݨyn./$g6 ,\";JӆÇyLH`7knXtՋk	Rd.ldhԔ*\\AkWB={QPEzҺmg\\zW*eR\"_nW39.Fj&MSOP%z~5{u}]Ģ&zPKݰ{F$SIҖбp}TE\"]0iNɃIW{37$pՈbΏZrLIV\Z( JB,@\03ﯹ4bOș\'zJynD9e(AJБ\Zui;*	c\rW+:V48\rpʅ%)nȗǖB<ت_D\"XCYgTқr@V&S;&mְF]\Zڇu@7ةN{CIZ-wEoPD\\\Z͈lvAiC,=Xs\\һGi}A&CJKy+k?q67h .mq[XiFݞ\Z6jofgR4C[3HlIt:[Ne/\"-asD&@>KrPy^*WnIPFB.1\rZ¥(j-<\"ޏQGt%3-)eo)cfDd\nnAcLٸ@P?qJòZcH6>Zyx.UfR\0藴yg	rTsڥ=V!`8Hbb;89jSy}|6o0ԅ9+CP	<-m2\rW~\n\\s\Z5(ɋ؉\Zl2*Ÿg8ȿ2\Zy+{\r\0tSٍ2ڙ#i_jy:R֫~QަZ?K.$>SdQ2(\"dmEgRT%	$zB(|-,˸&7o[E~ken[y$p\0wW>0󕽠V\'[$,f.E\\̯zCd[fI޽)\\`e(0nr,rzko}\\c!x)\ZI\r}iU/br;Z\0tw`GKWC&xA=\r>(i!RSt8Y)c\rX36MTDqRܨkiZ.$4Id{\\^8Us4wuArh-$bPo5G\'L(-$*BW1瑧D 9TQx8\0,)&/n[xsGG\n~#){bۮX\rk>+HơaHš$8r42\"htoLk3|RPyIZV\r<#[8\\i1@S!W-N֔z_nuCǫm!ros9K`*߲e4\rz%B-ZPRh	\".SY \rTs2z#Hhq%rI|7=)lJ9C֫/C\ZЮ񹨛ڻ;nZV	+w$nh]kCfVvDG8<%ƭ\'[U<Sʋ\'il!${<PAHJHQlU{s/^~OOodbz6+NP娪 iPJEH%a@¥hxmx\Z,-G-E\ZG&*߶xZL~ETSSSSSSSSSSSV.\'r\nbaT#^9EvJGE\"=Da\\22p<sM+>X?hZRzS[[SQ:9C+8UNf/*?ɘZ|\rcI\n7ʅoO	ue3)\n#>Zһ`ԓCLEc6Y6\rvflZ=wJqo\\Vč )pC$	*Fp`|>\0*\"b|\\d?\rYqQLsCk`BJ\Z`N\0\ZJcӃR\'S݇u4qq҈#cZHȄq)\rsDq6BR%n@O+N^TBԞެhe͈Yd\'2LT+p\\%zB5W|+Xt͢4UfYӹAӯZ[HbŅ0&̙4ּGcKJM\"$~XJ;>ޟm]Cbʝ\'\"S10G,3e+i	Jͯ!wT?R`Dl\r;\Z\"%5}MĶI\Z݂\\VHՌ#&Ï.AY׸򤌩bRcuR\0`I<{M-on#ծiv]Ѯ\Z[k(>g<_xDޭJ		FIGq,Ns_l}!G7SplmD%ZbDeH>\Z%tOә5fӄ<6NmjRR|,8)\\\"[F产s;sa!-+W\"s\'NM4<\'AB%0gY$qȋGm%^vֿ	|jМ\\̎)#N%,:tu<un\0|97nΦȊ|C@HSiNg9{\0pIGG]*iz1on%W&]QJ,d-nTQX۾1D6K)C*wp./nfa\'o-g=-LEL0\n%)\'P7@0Y B!@Q`\0q\0!/0v=:+EWكRDq z#)IHJ#LmwYLhNsH&Vorwq1FX*r]*4L4B+QӨU>̹IKMX!raGIq6uKW\\:56]Ch}v:;8[Szʁwq&iHՐ?)DngULKs\r*LW$[BΨ8NRlTnlo]#7s6R\r\0@Wfcf\ZƙJ۩ui1Z΅ՈFp&F3 Jo}no)(aT­1~rKNmce6ޓ`I+MYiǵXu9m2_^MgYp~lRd\"w1r׀BI$bO5]NUTbk!E$>;#&&9~\0%mC-tNƲ\r =/tddclzhJ@	2n0GFBk|)\'ЖΔ~_qɎ̻)QLt&t!3Kzb]m|sV˹w{Kèn/rA\nO} \Z56ԋ\\K}q\0#!+~\r	`i=*D[bL7\")OGu	hf־j葮\ZX\0pt.xZRl\Zqr,8ț!3#_\nR	hkri\'6S}5zݤ8POqN%)͕b5W$TqJqJqJqJqJqJqJqJqJqJqJqJ+[~0UqN]F/g	TD^Kw\"w$ge|Gvf\Z\Z4lE\0hi2^[Ĉ!HQO4  Q%*oT}Pv&v>Ltߦ=;#pLRA((M\Z\0yԛP<!^\0c|L8JTS=#UԴ)A,(.Co`a#;:I(ria-92[TZ`8#PԛBj\0IrRWK`Z*ުMŞ\0+8Ʌdْj21c?=YA?@ cQq O)QH°\n$EPsL!ߟc,jƷ\\n)g?=LgqgUiBT s\0{??~Gr?¾a\0N??!&o_i\0y~9ȏNo1ϗڕRm֕Qfn30aE=\"鵬vt[Z6@Dgl6BaUA	p\0ϪaKώq,ԧV*Ƙl-A]R+O)]hzu &Wzn=k=!=#ߖ{wl8,?|g|7ç*gjKG*FօՏ-V}XzjH\'k\ZC[lJ\r0:8\'\\OE#<__5tŹb&LcT,ai`;@x;P Nه9r/DA{%E]|oSKWz(}nR{!$JJd+͟Ӥ.Daؑ	ڍp1#@Me[t|ʵgaQ݆$/b9\\5:[^cj:kD̍{B)5 nLJ6-	(QH!,J(!E!\0\0!1rJnj@_?yճ˟#KcqkbUo&\\Lm{b9@D$ʽ)}br2I\rs5!/4RtoέQXV5ԃ7T2mH2\Z?/#rÔb\"r~k<1v3s1MC%7\0^i+ҒMΒ־FDn96r,g~OyN= q?d\0*\'\"?-TΜ5d~ykMcq?s&MJ\nQ\0%O\ryCA\"j\0\rXyW=Jp\" NY߶I0g1\0>Vu?2N\0 kOiP?YPGAʽ\"<X*X	2*\ry3nq=g?$9|^3`x/[Sa~L܍\rne,RwW6EsBo9钍%y/\\,yu<\0sk׍9IzAOL\09\Z\0x5$K5ē,X^9N5kV.v\\^l)8JLе!,² \0;xgȅ7sS\\Vś&(2YFK$*^>#H}0Ԧ[|m :q̛;~\0 nmsg|\0= WvUJW^}kɓ@cV\"oq7~6ְ>?9o!_VY\0H\0GԱ_xqQ~5;Oc;z~?Ll<oz%\0\0 zB_yBZ~Ҏ:l̂eoo1sbj)ز	 #b2lLMc2)qm1oRSW8q|arV{\0+ta\0ÿadXioA\0_W\0f\0Iӊ\0inuCx\0#ޯ4c:vB`C|dTьy}l+NA狀^E9gKc?^;|;ٷ:HlM	7uZ/Fm/ukh݆킰ܢv`qT N\n4E3rGrJV\'¢ sv\rq	&]48\ZԠFOngyy[1J`8`$Etc_\04l\ZqJqJqJqJqJqJqJqJqJqJqJqJqJqJwћjI>gl_?EƵ2gAkȴE.\Z׋6\'OU)$\'.%O֑d.9D\ZQSְ\r)Rg0ɘ!9iVe%_Yw#cGr\\0r\Z>؆\'!<GmH-i7RsJn!VVl*W1*ԏޣG.Sp(@\0|@\nA\"+^ѩM30쯉:٤b+mI{j΢\\Uع=z^VWR#GĲqęiu-@Y-PN֚n;ₗk-[Hhֵ[tSoَCkfj#/Z&PܺZJ$^F̎FDn؃ƢqBj. qlh6\r̼hϼrI=+pxra\\ΤYQB@ReM辕/@1`&Ԓ\ZlA/35/H6R\"Qta蕭ϋ\\O\nN\07Ra:Xcұ\\n>!옖bbNcL.hj4\\jJ\nXf?_~#i%W*RJH־,j	s%!.uYj*QCT\nba72ە\rF)D,8l#&ARiF~+^O6f$\0|ֵd/3^qA|d\'#M؞k~g1$ -[8`wW\ZgV{\"-?VSetO&1	z{^)B,*9uRyEbCh698P%B.EȯE%~SQsei\rc<yJInmȷ7Y7SDmMt+K;Nc\nZ&HșQ\ZksrUYd*$G!1+r@Y|{^x?囬*I|kx9\"dpKm\'i-7lc[N}!Ckv,Cc\0\'Tx\"a&v~\' 6f\0v4>X{.jQJ9\rl+RӲ#³|3{g,dX(>C/#?N\0|֠)𷅯_ߖ|{8s>^qo>wm\0@E#k.Uz8K*rɹs_9e]DܤܝѸn	1 AK7P0XyUA<3!ۛmpuhˢfTDCm8{wHRS{\\˦VּK)͡)DVk9L@]bDJ|SQi6vR䜃ۗHEs\"BZ\Zl)#*C嬀xdwZ!K)|{	Sd>@*YnMS\r{AB_n\nr%3::{!dN\n FgX3θ<mILy㘫mĬؒo\\{\ZsOeEq;lM$A58G>$y%!0>\0=1g8y\Zyӯ jmMt$Zo\rz>]1>8݁w\0__}mo?\Z.w;=\0X},Ңd\"0!{9=)ڷ\0/`_]iWT+VSJ`?@~޴@ѻc\0%Ta}sܓ#U\\#@XZ	0(F(a\0|d9|sN\"mE*8B$X~S2>6NaP.)QZJ|Ǎҥޮ좊fVs!OuvlDKٜfh[3mb$-yc.w±9Is	Y~w,ѳLYQUWhqt߭y)觃dX+X\nR)7TQqek:nږSufϻVv~P/MhL	\\meVٕ4sFL}g\nrs\Z<xwB;\'L=9u3K.+B#Iy׊ߊB]\0KJ%n<JHRnʕm;\n=T۴~Eѵߓmeo+-%7 UrU\"b/H-F٩/1F5	8gNͯY	~T)aL)>4)*fդQLgB:=-qԤ\Z\nM7-߽uuՏ`3#Wr⺃zXV1eXpYݔ69ʈ<)6&[[mSEj0߇^u#r͝+ʌbbL$!Z҄\n\n[\'n1쳎?`l!pIBԀwRaj)»[jѷ\'\\[0C$UD1`@욻Qѻ\'=PM\ZaCzqÎN;px~3<8,1<lL0bd\"WQѣ̜=ĳN;%8XKu-ߖ9AA\n)@|R-][N_TU!S  fԟ9&XڄqF}EI%$DN٧H[6T\r^W5C.\'fLG	m%tCIu+рQ+&ܤ>63U5C\0Tp[!\0*1Yȇvl>9cI?HNV\n\0]=k\0*FTvZÛ%ƠX$Trޣ~w1jX/LP\0ag_~ap-}{^~~ψ0g!g>;N܉*mq_N>7ґ}\ZΚitѢzT.@$&a\Z7HMʉ8!8(I*,Lq&Iָ߮/!@5IU[Zsbq#E)[RTӷ?Z\0);_R{2׻b;%a+o?87 I]m,%\0Nj(QJ֒_dR\"̰êd\'biM]]C2]\Z׽mCYR)a>*G^W^ۻ~V=(V\\DBTXĠk&~_PyweZ/Yhd,wǣ^Jфc(*qh:\rHr\Zd8p世!j6|\\#V{cF`]ŜJϗ|wg?8۝FsֹHmjnN/˶B<_wB?o?$6_k~~uf!Ii_B*\'u`#C wJacyHxl@gj\0W_9V88888888888888kqY(Tw+~߷v\02vA\0Zi,Ï\0;\'^\0mUkZr|!\0L\0u}j!BAQ>*!V~_ac 3TX> ԆP\r~xZ~NGK4Zy~ҫ)\nεq}kȵci6t.T!dMS\"ʒk\']|slDiT\\O̝JJ^cX|h_.·\Z+q\rP$oWx]\0W-ZVԵSIJ]l{pL]\\LZbǋsHVM5EbMλ1J&ۆ9rՍˑP&ʈyyXn57dIųD9m\0+h-yn4Rt/HTQ)jXbYqR{򔢻\\mMEqEKz	U\\)涮հg\r>݊}}IF\"TW/pV1Lr 88 -21\Z)ÒH<qCٺxq\0GƌH\'S.%۩:t;^-Mhe-F\0lG)2@`&C`!qh-r#jTW뺍#ҿLC/`60BapiPm2i#QӮo_d){thED:Pw{~*SZNRw8^b$\"3-0Tڰ&9d?رn;vsא\0Y+ш_|EsgOs2{kFNx\0?Q?}rH%p9	I34%FS*TImΠ\Z|i5]4sg;`%tlWo}(YYK܅%;%ŋ%mΏ/\Z(^ Ȧ9C%3ˌg&v(Y#b^j;$\0qnIx^0֡\"ҦTMHԥ}WD|k%Iu\0ݷym6ޭ	j6e22˜ZV\\|*D/<I D[SSV%}$jBA}rFBò/jj&4[ßX!]H;Q#5;a%Xj/},|#p/\0ȃw\0߾~9(~5m6#oD2d?f\0=^}RP[+hgY@B2=ɿ~sMO?폜үl׾\0u\0G/ \0e5$k|W)N)N)N)N)N)N)N)N)N)N)N)N)N)Z~)= \0|\0:⠊l3ELg\0ג%9ɪ5:?5\0ҍ;oc(1c?|\ZfNWhPakiZ찤Ra(TyD=J$$FU,P0\'LI~Dx-œHo=歹=>ei3%X|v}`-6pV͂Jڦ-\0*%}=Ve\\\ZnϹn9Lz ܮ͙*t{k@(F\'V&VB9Wr6)_p|#r3MepMS_H5FR°f6֙I\rKgNWշqbVf啦=Tl\Z\\7_u:3ɷ0diK-c/1:H5j(\0U8liAM[CI0bXK:[@i	AJw7үf\nOjԄ?M~*7\Zd\'1&6~m\n\"8jU5סH(iPa2%LcGvd.J{\\Csl1K2/BZ#>^AhSU^qK._],/aS##ZbZA4_}{\\%BuZI+Q)$Jqj  4!3qaGrŵM\n {D0f@!\"Dw}BVӬ8ZsP)R\nKt;_zOygcUaUA\ZQdق|aDFxǗvnoڼgI/b>H\0>Rrd\0Y2լr!1Ōc?ی}+1U)+IpO87[\n+o_1%*|0\'O2UokZx$\ZȺY;J3Q-3CFb\\i=dJe+j@Â2PY&\'<JN,=3oubD0[;V\nJ\\uK[aSﺲj;Gvs&\0l@+#^8v79g,	\n\\SUPgG21A$e`Yt$LK3>:g{Zڲ3xLk*{dڐ4%.:uJP\0q]a:\neEyuqL!aUfLp\Z\"	)!&a^Lٴ$%9A D\\8,k:z%xuV9,?$Mӈjz4j)B	Ɵ̹\rzG%S%3%5)G`S,DV/-[j6$\03|wLT\\Ka+mNFZ&{b9qu*+pm	|?dجu?qV@,w#LM*.\'Gu7L<-\0RP\n%Jkw((ϑƓʠʞ\\\rΘ\'|Z.먛^lO	p8o/ImOV\ZX\rЎº^fmJ!)3g=#Nb\'Ǟ#KhҘqkP2Qȑ<S9ݕbQ\ZjyZQIԤoI&zv\rʙ-z n\rY\'FrgZ+ǒmL!;?||Ϝ]Xo\0\08t\0\r}[i?ƿE.ro*qJqJqJqJqJqJqJqJqJqJqJqJqJqJS `\0~zP\\\0$I\06sU`QX^s_&*/=<ZǷgwOM;\",dIHy?Y(q|G2cʏ-K}w۸/v>?*M\'dpgHPCe<f\'dvy!lAzb@[b-4.3/	,FMNteQ(ZQZlٓT>u|)Zߒ#H.;s~(JTnz_3~f<Q\n2ۮyah6bDmNt-FնEnY:ٗ;R󷊗oWV6L*ă;6Yp,:яJHB\\N_͓eZ@ThsyV-WW)Ee,=TQ\Zqp!j*2]-%6q2cwlVٛ#®AEfg=wm(yI ϦN:ֳ!a0\'DFre+Zo	WFyϊx+	ؑpnCt8xm?RW]eA\n56KalY_7Ty	\nN/{ݰM7\n:E	Sl̯/sbĴA,.6T_\rr4ȖW\nkq	-N+m?xr̨\"hYcr&[`-ܱO෹WփPHc-Kh:2c )+RzY\n_b$ROjk;jv\"ͺ*:E~rmD%up\"dd\rbYXvH9cn>Bc126-\09:ov5Ծ^sqrUeqKy[j\\djץIA\nj\"K\nR\0Nraecs{8E\"qԈFYJҤ)*7pojd9\rJ)0n!BRBv Tqف\r^?-\rdq<c{督o\0+\0Y@x]INQ$~6-J)eJ\'bv._&G*8PasKхjjRz//kzML+$Oq\"RB_uXmhae\0=/_̗K͹6F^Dh,)qiR\nZI@\\py	Aunǆ3mW5\\\ZfMwA6ֈfddI9L;_K>X[e͗\\0j4%KRU{$fífE9eL9,\\\\l5dl:j\n[Llm.{%Bu%&kJf|K5)72Z2RtʱY`c<8uӧ2MhWg5JS 9e+IԤHc\0JqU	=£+&p6)JZV[*?g+\Za-Ì0ǩH=L.Fz$\0E.mß\n$_ܷ42l1|8&tHSZҾ[:LhPΧ]8d8u\'H>ծ+x7e5_:RRfex^}Ja+9n{)?3Gn@Aф~k_])Va,ܸb9`5%/qMFy(K):p~I\rJZ\\aHFn/:-QۧgyUlvWreJ-Exo]kX3zN~gg3\'!dL9J븆OWBș)p$*Njۧ6[CQP^q.( 8͕sjbs~)k5PIniOƳG&peڧj5jYKɎOR?S4=	qX7y\0e{c)9%}ԗVkP.\Z.JncQ̂r8dr=;OZ=g Uѭ2ޕAdTb;BMΑJ\rP5u:TYv^W҄to\02stSSSSSSSSSSSSSSV_YH0v\09\"Qg?q_zH5]\\,[3_MiYv9&Zt|±!d*WB|uL(|J@ilE(kZ\'sIɁ4Eq8%}/NeH>ఱf1 \'m1mm%+CJ(][vOXSe6kFBُQ=\'YY:sBVI+ܦLDnqǍa25.cnHȕDX\rU.IZr\0s^aVp=Ls{SoBAR+\rz}`^UTE 7\r$HH#:]U{XaI})dw^VƸF8]qfnoC-t\'Ym!.G]^QbYC2KRW<[@jJҍiE(K%][si+i|K=+wl\r(Wm\\ډ\"VA\rQڑ\"@1.fY`8lqF[m<բ>SҐ\r/aC+Ꮳ_w@۳+JVx!Vu,jmȮ[M0Ea7<Qu,7ǗǙ*cm]fZIoHĹ#\n׮?<qx,MnK,e&B\ZCm։)Ԡ&pFqtsQH%7,l	@:)<γ\0W~\0~uK۰Z~nmZ{FLQm܄k޲&SzTjLJA.~<RB»{+q,9HfGu	(=~!P#\Z߱x;?z;;X,[>M;l[q\'YdK)QJ{}Z]^-xlٱ]VDR{ksYx^B$lc\"TbǜEqk͒B\\o½DɏN`댹565-\\N+77Q^YOEʎP%\'l?=\r՛ogUy]޾UQLP\0HUI;@=LT+,	MZd)hNX6FxPHD@e闦#,o	 IXX19l4rUw(ׄ*nuGB֩\'A	EܶHk^`׭ݜuq*b~^6M7,tQN*m}jdm.D)Tjay&Ph\0+3!ɟȍ`Jzaxc*qO#rcWn\Z@5.xá\0\Z\rC̧4^c>EhIf)U\0Zhκ]bV\\bQΟ4-(4E#o\"s!*\"*\n|Br@|&UX#C0ZR\'Q\Za~oƦ>7:Ou%+y)Kn&6H\Zzi:yMO13;;ȵ\ZDA*rpNIE5\03Hp!\"} 6_fX9܇L	v`Ԩ-փtR/Pxv90cޖ\rWb%H}xh*J\0ɮ6}Ufț$ہR	rdtWim\"s>kN`Wsqh dk~aҠb&N#L|\0^_HSIGhgw!zCso})x)kX6頙}5NlkFw2̫Ύ\\UVR#Z8`\np\\6d2Nw\rLqXe=IFIk:΄{>5fsa;(XTjSo%\'\rj6۹*[SU\\\"]\nj^T7^6;5MrLҲxPNYmȲaf\Zohe̱p<W\ng==RBzI~kK!On4\0V#ì/.۰ɘtNMha	Gdx+{sJpʌypܛv|\0|\\sgzU:ϭl5}sj|iRSQ{ѓ[RRRRRRRRRRRRRRV:F˳ӿo[uVu(P>uY3R:iԫ0\"%d\nC&2c=߿8VF@j#_Say	IL8J{K\r~7\nw6d>;g9\0$@3\Z iOzI.x5ZGtGZ%J#FIeԃ9\ZM\'ސ,d(]gL7H\'M|ƹ\';w|<O_\09b3n8#	:$2\n=yyW{&Ђ&-cKrW92Vfg/,ͫ*R* !4ydBmfCnC>\nBv)ZTA3<@jFT8$ǂ.#aH	qJpnGRGPGzdfy1_<\Zj*z%<yBP<e\'	a >9SXB#e[Bki	=\0sZ7X(;ⶽCgsX\rҊ[S$)InmD@ԕ|jFpw\0{㰳9쯝I9jݰ)o:p4DedfT$GQ;]mT		{pIS(x OMe?䃓jUK$ؒZ^֫?DvFg\r1(`:% V\0؉dQ̺\\3#۬7odH[[hSR2ş\0%,;2P\">N(\'Q:5Nyc;#X.#CKR4thQh\r[ C# TSq(s`39Ìsg==\niGyB.ӈZOTMѱo_4dlZ9C>5%Bۋ{:S\n\"]P2WJ40KFUT(\'	C?_\Z4ϋ#IT~mWa\Z[l4t\\6q&\Z$l	)ehuSwbZImQ+>T,	3ٲJR9,?9ҙ[\'*f^w秞\\S{3d6Q[r{[b1T4}?we3wedc=<g9?9[ɾ	n\\	do]J1(%{~oY\"Ӯ^xS\"%|>N9??_v|s|BыxdAF*Bϯ_*8Kı\0F2PGX7kT쭺Oɻ+QU%iG*0%XvN ~syv93:K_@lَ1֟iX~$EqlsTVwFq#x0-܂:ApP~R*Jol\\m.I#\01		=*Rӕ\0c}#@7-8A\n3͘]%H[}2_<՘t5uj{땬hpo^Kv\0beA~Q8c||w8_qTwڐcK$tNڷ|å1|hc(u\nme6Ox%@5=oSSSSSSSSSSSSSSV^=\"忯ݰze@TV^1RR|tѡKW(\n/(<l\0ehMkMF2!g{y^L4~rdJߩkg<% -iN,emĚЩJFsRǎsIW[A	*+~x\0i)eܥP9YKRBG	ңߥl,f|b<?C!?-޽;7s_}KY8 JѕBhAI\Z\"_<{|ۃ^MF Fc`sng1m})!lJCko\\TUrf]F;M647Цzzeg#;ǎ?\\s9[Y.?2m\0U&WLs;gJ		IWoT%BL\"<IQdF\0*SF\0/|]۾sߙd>K\r:0X@8n\05(8	>/ҧ<ޱ\\]>>Y(jcF%$\'MIl 5(훍$\0$>Ew2X\"6^C=?V\rY&My1c-8i!C|bl޺<rƳl2JR\rYgqZHTRS`z1cC<:Aeeέ\rǝs(S{uڦgӝ*IBS{2[pHZ@pIwT5% (2JY~n--Lǧ@?!Ԟ`ryc<lsT\\>˱3!4]J\Z!qZ>Oãv]OBwk0h|c8#>ÞN+?i5e\0\0FM*\0$oxWj\0F8ǀׇ/>YcSϪΡp{MT}=ookdS_\n{펇D`{:x#DTIcē3\'uҫ\Z%`\0iJD\0`TVB!Xc\'>t4&KAcXcqքٺն<p!\0IocFTJB\\C.~Mc\0cÏ8ú\00q=\0Βu۔<\rcl!	6m!]OHN]ʮ,4NiL^<m:F˛1 +}BGDD&,4RPQ3QCJs+tnet\"5p{L&xSMϔ+dE[*XZIԮY\nzں!M#p^1-XC\0h_~\09#Cc\0\0⭾vW\ZN\Zf5/O3۟vHnzl>\0^k޷34Q1^ge$&\\<3>{v~918aɁE*s^Gjp)psc!\'#KHz5O8FR\0)^xkYۤd靇׼g8<_ەb\0ob.\0q_52d\'ޫ{q@A\'!ڌ8\r=ACa?0,c>I4uimD$u;X\Z1d8Ke8J/u(#p鮑G\Z+-S*[)2ȄG,cX6Y隀6W/^P	\"#N,<=}!Dio	\n6RZV)ʺ.C\"F$!V$]\'I= BvkEhscC\ro8a\nZZ5A`MKϊqa,)ah\r6RA76;yt7};&܉m;/PykJ޲[N5\\ɼXʹ UB5c{#Ņ+\nڱLCUzF>a9zBel2VWL!.Fd2YNpvxlf88t\"$O&D8T9DФt:)NMXTX\\:c0dI%H&djr	#4Ąb7.Dʐ\nLȒy\\jfk\"o{LA6!!TFvR)W^5*nxRAOo[16K+&Mɼ`Z\rA(QQ&9ܗx8z|~KrZzz𭣑8=-!<hC]ϩ_b	 ޱh:鷨Ved0s++DX̵Ł~}e$G4CRH3a9|uk{@Kb;$rtsky{q8qUrP{t\nE>~b\0is\0};Ln(|l~߿|qzOs+6xElg~3\0]_ˡj\'λMɛ[MN{\'/McoO3Q%ieK*¥&)O!+0 v!GCR`MK]I+e%D)7p\0^bLf<39)b:5cXPRKca:s[z\'~oj\r=ioS42	X>\0lrJZlaPȈ-AEA9fLf<ظ^\'%a%Q\0Hڵ Aj$ln+o4f|1]x]R6\r{?WФ~VsթB!϶Z3I_f2y,{V5_[ЄgeivI`K`Rw1D/&/4:)ŵbm0F\\u!B[R%*zVzBaYR},nJ!\r!IWT\\{hj:R5GQPlA.~%n6d3\ZS%+heQa0C1bO2o1rÒpu҈P%z-ۜ㚶J \'YA3Or\'MD|G\\X!\\3,fGX:	5,\':vqvvٕ$wòp1BDN>P!;y(H)R0A#[=:YFQqmtRz	9r,[G|5	Ne6\r$qbz\0\0/Ӿ?Ƿ1\nHu;vD&9\0lpf(ݐ+JS5^B]у>N];-]k\rOU1z\Zm\nfV4\"	 )HN<dНF#0[\rf>MdcuBPoT\rL5QB^5z}[g^z^U⢮kؙ7J\\ǈRB8y98준SZsiaqU?yUm\0uH!6;U}؜Iu´ѽ7	Hր>aNLfd4;38&vW(_	F\'\0e\\pǲ6 H$3-vNPAWGo>=ӱGZ\0k%h<c\Z7UO%FAصIN\ZPH`\Z)kl|EVEp \r6}1q71u)rsWMr\0!g*Nq3sʃs}C/\"n3qM4[jJuZ[CR^D(H\ZE)M	\'Ǟq#,A2M\r@i`=}ϣĈ\nn(R|Qj?;9)%-!=Muz|6mkF՚|vb˥!=Pl:\0)S\'weH&-(O;\n$hPfvdvP2̇\Z@rU=<kiGT0e /d,mXTm7-}h|edD7-U\Z0EFln#-Q锔XF̦ns8`/\rq|]e\rHRm2]Y#R6ԣs1	O;,6\"!KVZ\rSQlh&3U5SM]LF)9¹p\nSФZ	ZU`9^VjG../8r7*kY>\nk0L<]&m\"~_l<Pvj;\\j;G͡w\ZC?[sLyS$ʯB@\'ԜWzmnFqq^!eZy-p	?`\0\\Q\r	q\n\ZBYV:JWɭv-y;PRa$rj\"ae$Ŧ6]ew\Zc,TNIĘx) qRb%-6}HP+ZwUlqYu2<}Lv\Z}\r i}\0-e\"K┪&Qg!dSt\ZMFkL\nzh\'C-Sqׅ;ʵx\nrN-\Z? rɔW<`$\n.kcΨ$yTPS%vuNLE)miul>\"`\0uw;gŎ\0b1Q~?lg{DNDIfֶox/b0obVZȻnqPx)]wIi!Pr4	*(U\'^Ϲ蕗h;f;9_K|ui*{mVl\ngfDQ=Zsk{jqÖ7a԰Mx%kS}>4Փej_]\r!C*˦R.KKi{bfR&,f\'7+rr=nޏ24nojgZ	57x/p2%K:K]PԾIN~\rң}sGhk	J;P=&-.N\nl&o4NR NЧ\r8Ǎ|\'6qJObZL\rŮbc9cks/&(:I\ZWu-j)JiҽBTasްIґ35@66˦]}kѻ/M+,d/jjalP츼,U3֋`TIxqarPDi^Xm]\"1eJRVQd&1&qռ\\cBZZVk/.lЖjTY, !,J\0v\0\n(XLc4V{lhaP%e!$u_P{xB\0wL\0 QGƧ(;Ut+kuNGYIaD`֡u7E>\0/F<~~RI\rHwAI\rsj Kn۽PI݉Q6TldyTaj$Pid &, c&qR~GSTՓEWP.*]bxڭa_4=AX<O\n}C0\'n4\01IOw~=g7`쎲m~uJ_Vٜ[] aa2i+\'s%o6aޮFY09!M89Аz!.q`g?о:I\ZU\\cB˫+CTwhNaKcL&0d$I\01_KɄ\00r⛈~IQmL\0Ѿʷm]mI8jqJqJqJqJqJqJoT{3G5`JeLhݗ/o!9#4>0\'VH1z49V@aJU$KhyK/CWcm5]#kɭ^yoHo0pf<X˹NJGY	,iׁ:)Q)X0M)[D\nH;o/yp!q崇̜\Zd;s-ğX<P\n:p׍H=C%Rv?KĽPw\0O\n\'\"[uDj4\0qjBI1|j6ڔnK% rU^-¼ŒkbJlQT0IHRwN67-Y?4,rMoSsveI4ݽR0@).1\0(yFрHBdi\\͓~x-\r5|V<C(nܥ	U6\0aumnUӛu.:[s;V\0#ECj\'F?6buo1v\r츄8ځm])&	>jq3<eFťZRZIRЖNFPZ(l>w:s`!U8Oq_ 9T%R ,N\0,NJ$glP1,ݘpAİIĿ3iO3JikE6¸)yoC}(H<^֖+,o}ϙ;L \nX*\'Zä%\ZUu\'-1f2Z@-&.-j6V(#*\0!\0!,>ebx)Α%M}-HP)ED_m]k\Z2\n;z)mc̥ӦR!)\n`MAfj3]7\\v#HY\r7׎q63d5Rq`Q}49;\'U͸S݋XYaeku+\nfn8\'qy76]PuM|$p}\"6c\\hrwR.M\rDYyo,$z9sܵ1GB23Be\\2JMkNsf-P:KQȫ\rGdUD.]&\r\r9DpPV0xyzgiy%IcT}uchy8bRjJ1t^YFSlE@ֆ8#dze4&.3N4gprK>l0?w13(ؼ (0fW3s;C%һ()NLakL\\NU$\ZzʣVjgF7??<ѴFj2k\ZcM-*_Vq*<qX1M@ap>{lgyW57`lK*t:\'qҰ#ey/b}n(\n*A Fj.8(j\'57?\'@~aQ\\ܝ^pSǗlwpc|ӹ*ʰ	qx|iN\nI@;\\$_ǭl\0q\rDrPczP`^RKm3y,,ְ_c\0-ՖjrUg3*>ieΦV\r	!ojJr8&Ĥ|, 7G\0!nJԘњN)J*-Yyj?H_JXcK26l}iqL4]6/]P=dGE\\s2ZgXq 	,sv\"/U7o8E@!;rU%!?jPt!NTvmX؟1ޔ|@\"~\rd8!\"ςfM\nT:MU^ڕLmuY_z_YU] Ŕ6%<<]T̝\0t8g_ǘxkʾұLg(rWKcE+/Kwc:X\nz[]7>;2eI\n(Qp\rGr$؊56;i,B怠׵nͳ/y F,)fctȀN},\Z0__rzS%YKn8Cm̄ܪCIv kF\0?ȋ`ђf)\rU܍5?8}m\ZJY]#8뚦)Da.P?$M\\=3a`A8yI*)BФ\Zq$h \\`Rv\"O8;-*:3wؔ~[V޶;׸#C\"׿\",Vt) Bn?OkYYdI=\"6yes2Y\"B`N!s{vyok+釜=#CF$Q$EiOH\\VY\r\rEq[g_>u;6w\Ze^Qz3JP#Θ\nD\r*h11y\0AjA;r%͐;\'A+RQV~څ/Z𹫅E:FT{>guh/;+kMH`.畃a31E,wvDl-9ci8bf)\Zr֔qc|-v=j:r\r֭d%[]\ZOGc3ԠsHЈEc&aZJ+&!p1\\\nRtү\"߅_YSq\0q5FK|BO$DM	tY7wb^Ko\Z#NꂞXiǝ0KO\Z2<F<@ւ\0|Ȫ6˚#\r6e篭-YtR6)N)N)N)N)N)N)ZhOBгOO6\n\0 3Q藏\\g\0.Uf)Ds^pmޥ<*ʻ)iIU$oS{\"ӿ16^/>b,~cŝR\r@XyߩvNB~b\ZaE\\nsТ}D\r)l*	uZ=ZjK02M=ci3C̹\\5#Ti|mz_zmMr!r\\ؙnCuR\"Ʒ[͜9w4a002Txɓ6>M:j*\ZN*7ݣT+v^C39\0%ѮP0e64Vz%\"$<>]\"d7&\'ץ[\nUd8Ď#qwX6	e9/;dLϚR]Z;sUUt\na*Cwh\02FbKFbm#jphIg.s-N_yz\\oּ^-2ܜeop r y֔:BX4U:=gb`0*ީd^xD8Ÿfm.ZIH%H>VPYWZä35-PjPvRR@?o\0O6aMʵ/PӯW!3)r-s_,aKʵV~\n	D.1Β3A)Hҝ9V<+r.9j)\Z72Y*Пg`*\';8)%5͑VlSm1jd|&ifȐ5瑅Rԧ\'%vNŭv^Pudm0L--h\'\n>\'NZH7ͳQ:elW+sdcW9D\nHNv?NǞ)_\"Ê1Q[ҖOao:-y^l\Z(⒵j<6۟_R٫\" CuYn1:Z4˙2JLٵVQ9ep0|ciTԮfY!<Zu5?IE!FMR@RIߩ6;ϻr+0he*bN*X UK}3% %Wz>4-ETZ``1AEh\nFk-iHJTj19}V\0(3wEh1SiZZ\ZXѼyqDsKk-y9D*of׫e|sHl[\07˱R5&l/N\0;SϺ.zZ)=Y^\\[YFCbMy\'\nzsHV.F:zZnr(\nxϋN<N1s!}U%a#bo_;>q/Yyp0%Knghu[5HuZ=+aU)hocRfRqǸLyy{cn][rc\05v3\0DJW\r|Uo}V{Gw\ZȖ|Ht#l̒EU߰b\n	P`f؋8˄D>yz q:.v-.6jNG.[E¢	rΥGiSmhqu8額燱&a6cKsS-iqP}Z旞N)vu#\nӫrC#S;%mVĐK݁-85Zjg\"l	 %vx\\UD}p/S@\Zn%kCl\0Qr+x>VYϸtB&\'*/,ab̹s!*iE(J5\n3_\'c<[&	<莿,Vʤ7mr	#jsN`bGf	\"ȕL\'\ruN2,N2{uZ+i{Y[\"/iʒ&%/adմŐNmHkS{X-&X띉u0%l*>\"Vl&*d`Nj\\ڤJH?og*VC58}K{bdֻ(9{<6EqxT jZh\Z{*qt\n޺3xU3tZK)h$qk=%.opi\\Il9ẸSGzr\'M8>fiRr	7\"t^bg\r89,2N$I-,!l%A4W;_rٽza6->ZjT\nUR|ɮ[|V#Fh1*<sx:r`o𵿺ɘZ̼dn~.NC1RwR\0S`t\rmU5:FݯrJ?}Cm˔2pr:IMVf$/\'YQ/1g&\'?<܋OLkg%/Iyմa^\">	`Ayp8>QٵsWuji}ToXEb\Z׋U\nZ!cH]iVi0Tf[Q{D_\"3F 0&o}֐JsW~\rs(|	ݑ VQK8iSHB!)BSzzrIgWªTś-&;fB`ir=2Hm88[=IX-&DQDF}eZti؈odKt%77ip~z}ceuGJ²ZJV4B~&,664eL	PO:VS}F#r[k\\F,krbbĜpǺ<<}ג-7_![$r╮Ȁ?>J?8s9U\nbXs<mzcx6K*\0*Qmo{f:ju:-t_.-J2:dJ\';zI@鑖*FNQ{9ñf	%~i&2\r$nq8\\?Pp[`3J`(K{)\rVw+HޡsG+7X-!+]g8kMAZpbJnF!*+|^sی{J֯.ŏH~XlxF)E\\n -n)-[kRr:\'fh)Ljl؊SR<2hc\'8a*\"Iyf{BS$ XQ[L`Xq!aBĂFVrnzs3-\'SQ6B_±X߻hr\"/KLZBOl{Ll)԰턊2x}\'`Rsi׈7CP%-\r\Z([\0I\"KPġ&𿡰V\"\n-﫼?d}Wcm4v-(ҥaM\Z;漟=c.[l\Z&CkVL[+2G\'˸pj//Tb1f%aϹ7d(oI5jȎ\';@Tsa1,ZE>{s3*s$[pxO>Ǒ&杚QV7<^Iت7؉:9~ϳf,*/YVy! %vÜ~\0[i@S\\7iGn+Ӷۿѣ5NTmzf1}@u$3!j`	\\ʴ\'#ԉ90pRJtp	#C|Dpee*鬥{iђŠfؽD}yӗxy=I\\R/y\Zľ,i\"`.H^rpRg%];ojk\"]L]Bl~ARTˈJomkrIMMcf(~\"\0c$ӱq^_ L]3l66%Q}qlyVLd!r@~~u/z\0}GZ)ˌyvԟͿkC{H\"Ic/P,~;娟$Ϙ\'[kxY\0\\?Ue,\"\0\0\0~$\0{K	>Ĥ\'$2Dyda1u?>/Tf(_ףo1~.\na.f=JOg]zu7ϒвXM2Ô!\0_ʰgx`5?3rnT9	(\0X?ģcLl;,A=ڋ6p	Ґ[At(\\x(rk\\;q!6o|=NH2><,(qJJ6[~܉Z]6,\n79$/kƎoRL=#\nhVr`	@ieLFF^Z)}q.89s5nTn+5&eɭV 2%A}uAvᑩZ\r&Թ9}:SPԎS!HHFN)4\Z%A\r?qwp@#**qg)SK*7:PMnn=nd/O&fR&!#SۼY#m\0ٟgqc~ŕq^)?T\\3m:TKg22%80)zx	Ӯǟr\'Ҧbnblyj>?^f~R/\'(p>\\Bc]ĥz\n#2A7	\0Jz]zޤmި*G`2E&SP&AH*\Z4a@$C`qdy3-BT-lI@tl.[Če%`JYkGfQ˛\r6K_2q	e5@<*VP/PƜ`T()_yfa8q,62\"Z!A;|wDaqo\Zs^i&#Fciv\nBzE\Z\n)ky+{Vpl__.\"},59S=U%Pq,BQ,58>&^o#W\'֕iR#JwȨ5xqVt³k0*{2ҙԖD6Q؋6*59h*?9Qo\0\Zcia,jӪ01<折wƗ *3m?T|\rckQo@ľ5J<IZ\0\ZG;rt]J?T93ݛC3$:I\Z(Fi,C5I3Cߛbkv2X\0ԁu$WqJqJqJqJqJqJ6k|sEl%%:m-T*0y	nM2Q^xY \0GdQ!ZMJR$}[iy6JmlpGP|\rn\040;ҙc\ZP:ITTG6TI?aj7#l?q!½KVHjkW7\\vԙO,~|\rb\r:ie*v\Z0c[5g/VqSr%fon	I8sa!IHԨX`qZ!`º:%-$nX6MgvumYT]gTlq5D{taڒG% PcbkLaĔozJ\'{?yF!@!M/LfU#]v{?6kV79Z;8	#)39S%oKm[iHmƥ3i\'\r\\0$Gք#J}M]в:9^SuI\ng6WJ%4.FʤP=1t^ ԖUl>Ћx!,W$TÑc-d\0GmzAϵRjSN\'fZQ([S:H\0HR{5ʒ-ɄO9B\'.kʛ-Ǖ*u8:j:|msU%HF3o6;ڨ7ѿZ)ȏ7\"B\0ʔc?HH~C|\"y*}.T%J=N«G,vN4oퟟ_`\0NKP+Srn>λRn.!ϏۢϏ2f8%{]=<*! V;ufK*N*6Vس	@I7DzѝR@ÅYQT`p>ШPܩG\0ԕj:.8@\0\nIӺ\'V_YYܲw|;dFk[Et9l#FV	S:Squl\r;f2u\0,pŗH6Ǚ񔄿a9()ܴOT{]9<CoN,819|lƽ?{rgOsxx_,>C\0~cߞ\'$ev:I>C*JB*H\rRKf=Z[6KGxҙ	K6\ZqPTne#Eރb[1L2C.kKJ3iDm\nUydlޓxd ^\ZŹez([V\n\"<ȭ-knXVdY%g	liZv\r\r\r)շ@\rR`Fs!;\rkK-Tk-V-ƈ[RCj!\0^,d12+|ߐ -rR5hPuW֬N5ʚXcQXthIy{qP&Y*<!c92WDN|a\rKP n}$\\o}ynŌ<-&Oe/rT~SYmeKi6z%g7AQ9 [VXu F+\'X;֤	9>1K}b6nRT죪b7,ӯL쓘8{lt;<;n\rN$܈h,nH+>K{e.9!rҀPQNY}3MD3\'&5!yy\"S}tq&M-\nIP G	\raZIcIV%RMfN\rڽZ\Zt&ݐ\Z̬Ȧu42\'\r=qNre%!漸_lFT=ۖ281	!)=T_ N&7ǎ$m\"LT;eq:X7K.Tm~\0u%:h[yՇfcEB/2x>9\'Oz/\Zq1-	l%Dؤ֮)X֚Me:A;|AԞt6cR\0966FHl}<a|TOL8_KyiN끈8m7|jgV;]FD>Il\rjkKmQzC\Z[}>ir/!r̈CNbsQ34!u\0_\')f9$]k\'ŠRBtڥ:u	Lqzn!r\01*U\rV6g?h9!@Za3c~KoK5mn*ms\rMe\rܦwۨ5m^kUiQMRܧ<Ѷwe -/	P@BoCQ\ZHESTnCueaj=H}\"ӊSSSSSSWRT򎛱W覡CKJe.85EPT,&DYgkI&<AfE899<z/]eDdWm\\5гS%\rsxfsQ \ZTrz\ZRv`	<Fͽ\\U+0OIDB[i\n?uP\"5hc@\Zu}EXo/O(k-78hКѪm`jS\0^R?v3$\'R\'ʋ!+S[_Ohy||bH8\"cUO@s8CKE~sXcL8$ҷ&4gmg\'\0059%Z,b\n%Q6\0	>m^pf.6q`8\\䤨6);ֶ!8:EeSP]9{[><CBNc9759т9B`ч-,\n7#!M,M/Zry	QJ/j-) u)(gZ	,>x[e}YV#1pJB-G0*D</N52?:c\'W,0G@%nom5oK\ZԽ\"ZCP)fpdQԳ_p+F<	D<$~VWsTSWid7$\n˪JQjY\Z>ӧ/shu8ICⷹ6\"W0	^0,YfL%<ާcm#BQR-bߦԽAΟR/`@uۈ5m:LnQ$K*}CaPXղ!Q2AAϋ8}Ǭ=7~w(֭$>(7%įe\'Ft+$^uaߐI&ZU7xC?HjZ5X}4U;#e\Z!V\'*8Ǥcpύ8o%ܕ?T/\nw\"~ LpÚa2b<	.%ҽ!\r=w6`^98@S^]$itpP9JF.R\0Cc/8P!⥶kԂ*u@ܓaEozFyx/,64)Uj;ʲ06*1Rr EX?ǟANnPYԏ\0\"xx#ՓJ]*7?1eI䘰YSzI4E3?#ȅ˻:Zsw]\'dHú5a8g>d,35K.*H8d(^9	Q;붮.kp됫m_NBEĕQ9~!AY(J>q%a.guZVKȳ?\\ٿ\0byF#&0cұ\'AR;&7{)% Z[-Y3rgՋVEBQlmg4҉18v}ʌ C|Geh1Z+(2ր_qp|Sҹτ^dV-e(U#R?XZ=HN&wBcp)ڥ[I07\'Rf	Ƕ~@bDX0>\rBrg8]$AaCIEI65x\\ʙ\rscInZ9|nT)\ZX*B;ZEY\0J7oW,;-K!o쁽S; H\"	.Y#\"Jʘ#p1\Zr[v[e)Kq<1ޣs#p8\nFǙAn%8j:AЕ\'A}6n*^!K)tH\Zu6vB&(\0\0l7Y倥ԵԊB%i\\wJ] GW}(FKhh\n8u`Ih{WA#hY@X_\"\n\n>?P}>\\)tUV3EI}84q$*-cֽ@YEumR[)TR_A\"H{&	hW\'`ޡ^ey~TJRbN!_ra\\woVBt%]:QŶ\n9^	6vE	`vqEacc1DIƤ9@X\n=`p){oU.>-L8Ofk_Lkm.\0$T48y╊*fؚzˢmv2@&g\0m^T\'Cs%&q\nO|b=?ikktwۗ7W*ՉOSBz\0BBv|W 8\'9*b@?(\'Q2k\"5fG\0tjζ[oQ+{Yl#zvKAfׄ5Uq0@iŦ(AK.lHM-n	nmҮ[s.$hp4ڹn\\5wRu\0v\Z`+B+=޺B>G*HL0ISؙѺ>J\0\Zjc$Eb(Ff\'iD8;G3Eq,EJQ6jypC<mٻExZB4-cP/>+xoG#TGߺfyQds{\\!5>ޤJŽ\nA\nvLs1caKWTno|9? \'?\Z>\Zy.8bI/hRk#W6S\ZU]0.=u{AU	Ub;6>b!P^^B#,~-`BFJRw䱥@< ,.ګQȡ%bw<@塝kT&#S	TbG2|jns5)q )I\00VeX0Eaʂp||n,l<mV6孆~/l[JP|SWq: ~\0>ܙ߸~ߗ\"W\rGGkY&N|uq!|@ejq|QRN\0\n-W@/6<~L\0g/kc_k1xvaGz]bΎ26Eͥו?̆%jsx֟ĝ{qݻ~`(2}[1=sc8V.9*^4h\0n\r9ZS{ͱ\0\\ikI8jn5L8/FȱBqKTIB(z(!Q2_eak6<;umj\0\\(V\ZթKFTG\Z!z)+Ktx0vz sKQEWчӋ4y,E8?@Bm֯qx*0֋5/HgҞ[\\n.KRm-\"G3M92O~ǠghuVqu\\\\@KOIwԋ)yc4H6M\\%6I\'WSX35,9Gqsɪ#yO\ns.A:1Vv HApkJT\\?ap߷n	4WC8	1~H:(ȱXԸAc*څ)D{@;} eMoi6z#}\Z܋_ca}u^i»m.h,ike\\E:oLVcVg	DILkLFG[ӦBD<_̆ck\'\'I*|+ŠA|e헜aC*AYg=JB{W雯D	)(H+ã~z4h0\Zqa0a<JEO8c9VFq24f<4Re}\n*Ա	#b\0ɔ깶59\\5SU@T|7EEJR,Mxi/\0M42p<czZLvTƠUW=O6#L:V3Wl}zT<>rixD\"	HZza!ԣZw\'~ꘜSSSSSSSSSSSU:uy7ڪڮEyOގuK[&-!bU)dnap&i1A<zilvjy\Z6qy/]=2\0_VQ}E}B#5˃)ñ)[%ӜWZNǪcgHi&q7\0=+!.QcN˓ʎ7rRJRAm*6sEͧm=5h2d@LIK_kVy~rrKrh֨IR*xk9><hiͲԻFYzff9ޑq\\Z[PK@^6Fh@h}RNط\'xu9O֟hCmN3jNK4\\5䗏Qqh%0Vg$	\r j̼Ao%pv!	K9Z	* _O+;8Lu--mňvRKB乥yQuꃭ%{%M؊]URQ;Dg𪛺ț$3P\"\03Aqcxya6qHI\'q=@$}}s\'/y\Z&2eS=bpbҢmV\Z5ò2dP&qk#*;mycDsAG&s(숬)$bl@(-\0PRz\Z0|W)#x|IoHuI*lYpocr\nU>t\rCK+H\"}k@M<BMS߬9a\rD8Y9i!dܔ+jk,5`ˏ){h-~œp9NؽosHS\0T\"o\\Yq\0|EaeLj:\0[w\0a^+ml(JhX҇ދR+JQ:Y\0rvE%s\0~Y)-G+\\,MlI7z9ǩ{\0K4];\0LO0cd&gcgwr،<{#~֑[ׇs&ޥ6XNio$AFA\",`v?=\0mxv,3*pAQZZp}ٯi\ns֬5;:20Rz<5 T|\0w˰s9ȸİDvx\0\'OObRF^Ǭz~޳N|YlPV85EavihjʵCÑ3~%TX;(Q3#s0	K[┒dAԝxtQwfG\r6)%@\"G&fҿJd[3t:Ӟ\0(PirwzWfWt	BLI[\"5NeBڟ\r\\<dw|2t(2A\r\\lV<>?@vYƅz; V{$zUWԖ_wf<(z{9,c$*oe1&Qz<ad1㛳J%g)zOaF1y x`ozs4`XLhYnUΊ5$6@?ܞ*Kٓ\\_l{7\\\'+%tzHLU+nDӳDFybv?Ĝ:]}qRJT{d0o[4d?DHa+	QlZF-[Ln+`$j[0.܇6-a..$Rq:APh&otw%z7g*=-ꌷ3\Z\"3˱.	xpA2\'&JTu5)ZG@_Aj~mSQ푼	D@)d%[Ð#\Zg!dŀ ɪNzM+WyARz!5	zO):os(ͳ֜bzw*`vWo0!H[KvIX\Zj垯;\0L\ZJ╯/P(_޺d1`<B%	_)F`I4dKGLȱ\rvkv&ƾ7)PҤ,)n/S$]mhb纠H7sj-Ue|BVu`}氶\n((rN`+%+\0@,X`q\nBnM}*ɈJ.YK:npINtRz[\'/\\\Z6cfuڥOv cΥ\'yU}m0~Fg6ߧ=8\Z^C6k6&\"ڷRu\"^/r|69\nYsY	q-iu˞aJ*ƶKCtl:b\"ϯV\'$SRa(@F!	=3JNr\Zm^(bp(<MW[]@Gǳ0CkgCn9`=kZJٺMv\nUD֏ö?U#pwL}g#B	l#JI53vJSۃ2+CAKnG+ЧҋmtWbzEqOgI[|YRq.!\r\ZNT=uJ4{3\Z(zD=rz`UhH\"Vi\0=)Ƙ矒frNżqXRfI\04+2lJ7}(,a9s=u/ZRnUV[m[OַYO6+U*W)$	sŬV+2%XEo4sB	vD\nI2Jb{R]u:>^7K{ט<O4D	v\\\nPB%)pAum@:(~=5.JtSy2\r*T1)Y[iI@?	32\0ȱە\nxJlSlzx{\Z1l`ζdHp)!YM\0x-:oS/UKsClY|150;6G)IALA~?$;qD\0\\l=Wlx\\<>T3BP-ti]/}@kCMՍ5wwX6R=5Ҩgv6\0FWTDp<\rOp,qӒ[MtVSÎg%cam<(,$\nVX\'ӆsXGHjʥ~ZEy\\hi2U:IK^%)9Mܖ	x;;%۲s#I}E\'_&:EދSx>\Z68q%݆9H#t(/mҢå_:ä;Y=pA&I%n\"isAdTe(\"i\0	ZZ32yj:-Osl%J0a,EJ\ZШo㵽ܼSˉSr$`qc2cH:T( /K<ĩ#X$u\r!ҫփj߶zghr>ҨkxDAA) \\Pԁjr5P\'#a\r9AT.iĠ{\'Rvʸy)~2daqd)Z<h6/ oP7L-G-Pηca$ЕJNdˈޘi	(^@pSiv\'rhb-{jBnQTSR#E2\\$PBOwZb[/M+Vykez0ACZPи祄+ZzWq6}M)XMٍ)A+8ԕdшG1I<_\"sn]2KH/DyEcWqj=j7ciEe\ZBjlodLQH2<ypV,3{rR\0|\'}GaR)RΔ!||75Rz}WTԓ}ƺV:|h&B)R2R$<KLJp*-IJl:vJ&m&Z؎&.gN?|מ)N)N)N)N)N)N)N)N)N)N)N)N)N)^3R/t`u\"-iŤ{΁xǧ@yĹD#KH$ŃT\ZQ8r0?v\0\nF1[ڢ+Q~ȎR[e݁)Q/4ȷ>\'8؛RҚ/X5ЈnS]Jѱg3&X~NVSsM\"q%G4[tz]_ºޑ0<̘{&lY]R}\ZMilvTTI.ZKedV[d<6FbCFIRU\n3i3*\ZALƸ$]ZսNHʻ\0IP2r^xY!Eq/ԭ6GV\ZBUnRk;!$	Ȓ\\YaňP7$n	cd	@N)8w..9,dp87$AQU~}\\kų7u=-Ķ͙o\rED~BaP&2(jp?q1D]ɷ󫱺I\'*5K LA-!_.f`CSKZtw}Zo]/	,g?#\0&a&;\Zyw!!)Jv_<&[hZ>!a*ST0,1ei*\nښYH(z^X#ja˯qV/F/x/\\s8VΊx\nKh׶άw</Z:-Z45jK0>Tܗ@9T-YHԒ\039&%*`/a{|ߥz\rD0ZsˑYbW(\0hA	kE$շ6d\Z^KdƯE!*e5;nQ3Hb$dE+z4ppVȊeYsIϧ~~bz<TBgPP!ǔٱmkE~N~03#3̵OPd%DJQKaNiX:Va]7kzYx?VONI$BX^_/4{!YV/Ws:Yg3ת@iP?!\\43[jlrmB\nFvC^\nݑP3%(\Z7OUt-bժVbd؈ڋ4Ŷ+Q?\Z<Ag\\:j;\"˵nZQ>YeܥOZt,Bo5pe@OǱ:e\'l~h] f ƕ\\cǔA	]KT99><q\\7Y@;IcHu[8<q73\r}5=5h`Ɏұ:#Eu![%GH ߳Umbum5oOaw|1Ȱe0BM5[V!M2a%\"K8.j[r01JBTzd$znzu\r~؅ᾤbsc	,1X)K	$;zi~%YSoƳH۪wEGXn\"D5=2+Zֱ| {FJAI<	h%䡽M)	*8YR2_EDy\r8IZy@xk։54e8ٻ4N\r!U!$6ê~Boljk2bP dI\ZjFj<>!i\rrP\rNԛTR.{	{T\Z&td;4$\'\04iJc1h!	fM0A\n\0X}H쁉4K1Ru!\0g$^H+}a\0 \080`8qcc?Ò*e|RRRRRRRRRRRRRRRRR{z^jPVۆ2pY=He{zW$<#$8Rr2?WrGϩȒ$T!\\\rì5\r%:I/7X#akUU8Y}azZ4p~˞`kr-dmpL\"#\nUJɇ(BuC{_:Ubh{=-Q2\"xMMMz[{i[(&7\ragOZL.ò܎{nZx(N7,N%nūs		\\Ԕ/o{\0\ZNz^ga*epw#$!N5$*[EZt۝Bj0JcwkEz\\ (Ӣ++	!%=\"yd?ٹ#Z97nMDBKǴ씏 A=\r}\'r,՘2:fˊKZؘ\nڊWQh5HwqNw%v\\3SZ\0K&WL,e΅\r#|\rKZ\'g\0~@H}eD9?)9}+aXH_uIrFǯ{V~cbbWUNj$twR7$t{CM4f`c\\	MQ%ӧ&9 D2F!̡=7?pdP<[KВֲRUǚMU\Z#JgRp2b+JUu\0C`:!l]yJAKµCXwى@jG8<~ub8K}q;d+cE+st3-e,՗\"sIx ېVnarfzއ{OkfI܅ZP^:إLij{.%!*QWӄwA`IE0| Xf\\~bVu(^HqN*bhI>͐PʩRkM%]Mwj5j`Fo!Tr\Z&ΩqGܜJ\nB@ܑ؏\\3vdc)nnIB{({xƟG\\߇[3ǑÃ\0gyɳNRS[\\?h}陎RE)o̩,%195$^#\Z𸐓Q>CŲ\r\'DRRwqokz\'q:İwM\"HS|}TJo{H՝\ZzA\"͗V3Jb\rhYuX&wzz7Rh>ʑOac9V|,#,83zc0ǘ9g(qJa1BkFf6\0\rFV-d^MtԹAZB<>)²KsbC:ΖJNIR\"E7%TP+ʎZG\nNGo.md#OSj-GzDi!y`6+q9aGada%\ZR^vKR,(ly0{\rOY1~?ˊRRRRRRRRRRRRRRRRRRqJI[Η^\'EAl^P2nvR9\rB~DeQK\0y#KO[\ZK؏%ZGv!ԭ>y,\Zή1H	Igke-Ŗ\"חupN%̄/K)]m=oWcf$!iñmʒSkY3\"^\0£][\\Ú\'=_/zz	S-m<=)#r(Y$}AzI+8n#@XE$婼Pq\\)W>\0egq]u>n ]Bp5s?=,Um*Zb`7h|D%bMǪ^\r(cK)i	htHgS\\ۂ]#˺VYrJ,pH\nhvYlV.DD3ͩbHy=}a2P<=dF\03&AePY&r) oC4RAOfø\n$qXR/Rb+ʷ<כj=R\r},z}\\.\r\nc	`\0s)!5\0*TGV0I9,Cm:B4Uq%ӈ#n9\0I!)=yl^O𩐗gz@%uJhF\0r}؄O\n\ZȄ:ڤFx9ȼKEȳT%jߧ_eBqRunPv\0S][ZBztufٵ=\"	:1o~7ȳ|qd=X팋8U\'t\"ʇ鴪d⫃p4ۣH;;ڦta΅Ls}qeP\\oZmp!wĦi\08!|8VrT=)漴%r.tJ٦<V|RRRRRRRRRRRRRRRRRRRRRRRJs))+y');
/*!40000 ALTER TABLE `foto_conteudo_prefeitura` ENABLE KEYS */;
UNLOCK TABLES;

--
-- Table structure for table `foto_ocorrencia`
--

DROP TABLE IF EXISTS `foto_ocorrencia`;
/*!40101 SET @saved_cs_client     = @@character_set_client */;
/*!40101 SET character_set_client = utf8 */;
CREATE TABLE `foto_ocorrencia` (
  `id` bigint(20) NOT NULL AUTO_INCREMENT,
  `dat_seguranca` datetime DEFAULT NULL,
  `tamanho` int(11) DEFAULT NULL,
  `nome` varchar(255) DEFAULT NULL,
  `tipo` varchar(255) DEFAULT NULL,
  `usu_seguranca` varchar(255) DEFAULT NULL,
  `versao` int(11) DEFAULT NULL,
  `binary_content` bigint(20) DEFAULT NULL,
  PRIMARY KEY (`id`),
  KEY `FK_kt5sdkv50f6u46pe2iekgm11b` (`binary_content`),
  CONSTRAINT `FK_kt5sdkv50f6u46pe2iekgm11b` FOREIGN KEY (`binary_content`) REFERENCES `foto_conteudo_ocorrencia` (`id`)
) ENGINE=InnoDB AUTO_INCREMENT=8 DEFAULT CHARSET=latin1;
/*!40101 SET character_set_client = @saved_cs_client */;

--
-- Dumping data for table `foto_ocorrencia`
--

LOCK TABLES `foto_ocorrencia` WRITE;
/*!40000 ALTER TABLE `foto_ocorrencia` DISABLE KEYS */;
/*!40000 ALTER TABLE `foto_ocorrencia` ENABLE KEYS */;
UNLOCK TABLES;

--
-- Table structure for table `foto_ocorrencia_aud`
--

DROP TABLE IF EXISTS `foto_ocorrencia_aud`;
/*!40101 SET @saved_cs_client     = @@character_set_client */;
/*!40101 SET character_set_client = utf8 */;
CREATE TABLE `foto_ocorrencia_aud` (
  `id` bigint(20) NOT NULL,
  `rev` int(11) NOT NULL,
  `revtype` tinyint(4) DEFAULT NULL,
  PRIMARY KEY (`id`,`rev`),
  KEY `FK_7kkjsmt7jr4pll6fl1vkwfypp` (`rev`),
  CONSTRAINT `FK_7kkjsmt7jr4pll6fl1vkwfypp` FOREIGN KEY (`rev`) REFERENCES `revision` (`rev`)
) ENGINE=InnoDB DEFAULT CHARSET=latin1;
/*!40101 SET character_set_client = @saved_cs_client */;

--
-- Dumping data for table `foto_ocorrencia_aud`
--

LOCK TABLES `foto_ocorrencia_aud` WRITE;
/*!40000 ALTER TABLE `foto_ocorrencia_aud` DISABLE KEYS */;
INSERT INTO `foto_ocorrencia_aud` VALUES (7,135,0),(7,242,2);
/*!40000 ALTER TABLE `foto_ocorrencia_aud` ENABLE KEYS */;
UNLOCK TABLES;

--
-- Table structure for table `foto_prefeitura`
--

DROP TABLE IF EXISTS `foto_prefeitura`;
/*!40101 SET @saved_cs_client     = @@character_set_client */;
/*!40101 SET character_set_client = utf8 */;
CREATE TABLE `foto_prefeitura` (
  `id` bigint(20) NOT NULL AUTO_INCREMENT,
  `dat_seguranca` datetime DEFAULT NULL,
  `tamanho` int(11) DEFAULT NULL,
  `nome` varchar(255) DEFAULT NULL,
  `tipo` varchar(255) DEFAULT NULL,
  `usu_seguranca` varchar(255) DEFAULT NULL,
  `versao` int(11) DEFAULT NULL,
  `binary_content` bigint(20) DEFAULT NULL,
  PRIMARY KEY (`id`),
  KEY `FK_2x5f2yiybfimuly63mpx60udm` (`binary_content`),
  CONSTRAINT `FK_2x5f2yiybfimuly63mpx60udm` FOREIGN KEY (`binary_content`) REFERENCES `foto_conteudo_prefeitura` (`id`)
) ENGINE=InnoDB AUTO_INCREMENT=7 DEFAULT CHARSET=latin1;
/*!40101 SET character_set_client = @saved_cs_client */;

--
-- Dumping data for table `foto_prefeitura`
--

LOCK TABLES `foto_prefeitura` WRITE;
/*!40000 ALTER TABLE `foto_prefeitura` DISABLE KEYS */;
INSERT INTO `foto_prefeitura` VALUES (6,'2017-08-02 12:30:14',61284,'braso_prefeitura_250x250.jpg','image/jpeg','admin',1,6);
/*!40000 ALTER TABLE `foto_prefeitura` ENABLE KEYS */;
UNLOCK TABLES;

--
-- Table structure for table `foto_prefeitura_aud`
--

DROP TABLE IF EXISTS `foto_prefeitura_aud`;
/*!40101 SET @saved_cs_client     = @@character_set_client */;
/*!40101 SET character_set_client = utf8 */;
CREATE TABLE `foto_prefeitura_aud` (
  `id` bigint(20) NOT NULL,
  `rev` int(11) NOT NULL,
  `revtype` tinyint(4) DEFAULT NULL,
  PRIMARY KEY (`id`,`rev`),
  KEY `FK_my9728nb91hke1h7lucntk3po` (`rev`),
  CONSTRAINT `FK_my9728nb91hke1h7lucntk3po` FOREIGN KEY (`rev`) REFERENCES `revision` (`rev`)
) ENGINE=InnoDB DEFAULT CHARSET=latin1;
/*!40101 SET character_set_client = @saved_cs_client */;

--
-- Dumping data for table `foto_prefeitura_aud`
--

LOCK TABLES `foto_prefeitura_aud` WRITE;
/*!40000 ALTER TABLE `foto_prefeitura_aud` DISABLE KEYS */;
INSERT INTO `foto_prefeitura_aud` VALUES (6,172,0);
/*!40000 ALTER TABLE `foto_prefeitura_aud` ENABLE KEYS */;
UNLOCK TABLES;

--
-- Table structure for table `historico_ocorrencia`
--

DROP TABLE IF EXISTS `historico_ocorrencia`;
/*!40101 SET @saved_cs_client     = @@character_set_client */;
/*!40101 SET character_set_client = utf8 */;
CREATE TABLE `historico_ocorrencia` (
  `id` bigint(20) NOT NULL AUTO_INCREMENT,
  `data_ult_alteracao` datetime NOT NULL,
  `usuario_ult_alteracao` varchar(150) NOT NULL,
  `versao` int(11) NOT NULL,
  `data_historico` datetime NOT NULL,
  `observacao` longtext NOT NULL,
  `responsavel` varchar(100) NOT NULL,
  `ocorrencia` bigint(20) NOT NULL,
  PRIMARY KEY (`id`),
  KEY `FK_HISTORICOOCORRENCIA_OCORRENCIA` (`ocorrencia`),
  CONSTRAINT `FK_HISTORICOOCORRENCIA_OCORRENCIA` FOREIGN KEY (`ocorrencia`) REFERENCES `ocorrencia` (`id`)
) ENGINE=InnoDB AUTO_INCREMENT=25 DEFAULT CHARSET=latin1;
/*!40101 SET character_set_client = @saved_cs_client */;

--
-- Dumping data for table `historico_ocorrencia`
--

LOCK TABLES `historico_ocorrencia` WRITE;
/*!40000 ALTER TABLE `historico_ocorrencia` DISABLE KEYS */;
/*!40000 ALTER TABLE `historico_ocorrencia` ENABLE KEYS */;
UNLOCK TABLES;

--
-- Table structure for table `historico_ocorrencia_aud`
--

DROP TABLE IF EXISTS `historico_ocorrencia_aud`;
/*!40101 SET @saved_cs_client     = @@character_set_client */;
/*!40101 SET character_set_client = utf8 */;
CREATE TABLE `historico_ocorrencia_aud` (
  `id` bigint(20) NOT NULL,
  `rev` int(11) NOT NULL,
  `revtype` tinyint(4) DEFAULT NULL,
  `data_historico` datetime DEFAULT NULL,
  `observacao` longtext,
  `responsavel` varchar(100) DEFAULT NULL,
  `ocorrencia` bigint(20) DEFAULT NULL,
  PRIMARY KEY (`id`,`rev`),
  KEY `FK_f6x5hnh5ldnfcbapvv9sfhgnv` (`rev`),
  CONSTRAINT `FK_f6x5hnh5ldnfcbapvv9sfhgnv` FOREIGN KEY (`rev`) REFERENCES `revision` (`rev`)
) ENGINE=InnoDB DEFAULT CHARSET=latin1;
/*!40101 SET character_set_client = @saved_cs_client */;

--
-- Dumping data for table `historico_ocorrencia_aud`
--

LOCK TABLES `historico_ocorrencia_aud` WRITE;
/*!40000 ALTER TABLE `historico_ocorrencia_aud` DISABLE KEYS */;
/*!40000 ALTER TABLE `historico_ocorrencia_aud` ENABLE KEYS */;
UNLOCK TABLES;

--
-- Table structure for table `logradouro`
--

DROP TABLE IF EXISTS `logradouro`;
/*!40101 SET @saved_cs_client     = @@character_set_client */;
/*!40101 SET character_set_client = utf8 */;
CREATE TABLE `logradouro` (
  `id` bigint(20) NOT NULL AUTO_INCREMENT,
  `data_ult_alteracao` datetime NOT NULL,
  `usuario_ult_alteracao` varchar(150) NOT NULL,
  `versao` int(11) NOT NULL,
  `cep` varchar(10) DEFAULT NULL,
  `nome` varchar(120) NOT NULL,
  `observacao` varchar(250) DEFAULT NULL,
  PRIMARY KEY (`id`)
) ENGINE=InnoDB AUTO_INCREMENT=2 DEFAULT CHARSET=latin1;
/*!40101 SET character_set_client = @saved_cs_client */;

--
-- Dumping data for table `logradouro`
--

LOCK TABLES `logradouro` WRITE;
/*!40000 ALTER TABLE `logradouro` DISABLE KEYS */;
/*!40000 ALTER TABLE `logradouro` ENABLE KEYS */;
UNLOCK TABLES;

--
-- Table structure for table `logradouro_aud`
--

DROP TABLE IF EXISTS `logradouro_aud`;
/*!40101 SET @saved_cs_client     = @@character_set_client */;
/*!40101 SET character_set_client = utf8 */;
CREATE TABLE `logradouro_aud` (
  `id` bigint(20) NOT NULL,
  `rev` int(11) NOT NULL,
  `revtype` tinyint(4) DEFAULT NULL,
  `cep` varchar(10) DEFAULT NULL,
  `nome` varchar(120) DEFAULT NULL,
  `observacao` varchar(250) DEFAULT NULL,
  PRIMARY KEY (`id`,`rev`),
  KEY `FK_cidawl60dtbdd51sd6o44n6uj` (`rev`),
  CONSTRAINT `FK_cidawl60dtbdd51sd6o44n6uj` FOREIGN KEY (`rev`) REFERENCES `revision` (`rev`)
) ENGINE=InnoDB DEFAULT CHARSET=latin1;
/*!40101 SET character_set_client = @saved_cs_client */;

--
-- Dumping data for table `logradouro_aud`
--

LOCK TABLES `logradouro_aud` WRITE;
/*!40000 ALTER TABLE `logradouro_aud` DISABLE KEYS */;
/*!40000 ALTER TABLE `logradouro_aud` ENABLE KEYS */;
UNLOCK TABLES;

--
-- Table structure for table `ocorrencia`
--

DROP TABLE IF EXISTS `ocorrencia`;
/*!40101 SET @saved_cs_client     = @@character_set_client */;
/*!40101 SET character_set_client = utf8 */;
CREATE TABLE `ocorrencia` (
  `id` bigint(20) NOT NULL AUTO_INCREMENT,
  `data_ult_alteracao` datetime NOT NULL,
  `usuario_ult_alteracao` varchar(150) NOT NULL,
  `versao` int(11) NOT NULL,
  `data_conclusao` datetime DEFAULT NULL,
  `data_ocorrencia` datetime NOT NULL,
  `latitude` varchar(30) NOT NULL,
  `longitude` varchar(30) NOT NULL,
  `responsavel_conclusao` varchar(120) DEFAULT NULL,
  `status_ocorrencia` varchar(3) NOT NULL,
  `foto_ocorrencia` bigint(20) DEFAULT NULL,
  `pessoa` bigint(20) NOT NULL,
  `tipo_ocorrencia` bigint(20) NOT NULL,
  `observacao` longtext,
  `protocolo` varchar(100) DEFAULT NULL,
  `endereco` longtext,
  `observacao_conclusao` longtext,
  PRIMARY KEY (`id`),
  KEY `FK_OCORRENCIA_FOTO_OCORRENCIA` (`foto_ocorrencia`),
  KEY `FK_OCORRENCIA_PESSOA` (`pessoa`),
  KEY `FK_OCORRENCIA_TIPOOCORRENCIA` (`tipo_ocorrencia`),
  CONSTRAINT `FK_OCORRENCIA_FOTO_OCORRENCIA` FOREIGN KEY (`foto_ocorrencia`) REFERENCES `foto_ocorrencia` (`id`),
  CONSTRAINT `FK_OCORRENCIA_PESSOA` FOREIGN KEY (`pessoa`) REFERENCES `pessoa` (`id`),
  CONSTRAINT `FK_OCORRENCIA_TIPOOCORRENCIA` FOREIGN KEY (`tipo_ocorrencia`) REFERENCES `tipo_ocorrencia` (`id`)
) ENGINE=InnoDB AUTO_INCREMENT=16 DEFAULT CHARSET=latin1;
/*!40101 SET character_set_client = @saved_cs_client */;

--
-- Dumping data for table `ocorrencia`
--

LOCK TABLES `ocorrencia` WRITE;
/*!40000 ALTER TABLE `ocorrencia` DISABLE KEYS */;
/*!40000 ALTER TABLE `ocorrencia` ENABLE KEYS */;
UNLOCK TABLES;

--
-- Table structure for table `ocorrencia_aud`
--

DROP TABLE IF EXISTS `ocorrencia_aud`;
/*!40101 SET @saved_cs_client     = @@character_set_client */;
/*!40101 SET character_set_client = utf8 */;
CREATE TABLE `ocorrencia_aud` (
  `id` bigint(20) NOT NULL,
  `rev` int(11) NOT NULL,
  `revtype` tinyint(4) DEFAULT NULL,
  `data_conclusao` datetime DEFAULT NULL,
  `data_ocorrencia` datetime DEFAULT NULL,
  `latitude` varchar(30) DEFAULT NULL,
  `longitude` varchar(30) DEFAULT NULL,
  `responsavel_conclusao` varchar(120) DEFAULT NULL,
  `status_ocorrencia` varchar(3) DEFAULT NULL,
  `foto_ocorrencia` bigint(20) DEFAULT NULL,
  `pessoa` bigint(20) DEFAULT NULL,
  `tipo_ocorrencia` bigint(20) DEFAULT NULL,
  `observacao` longtext,
  `protocolo` varchar(100) DEFAULT NULL,
  `endereco` longtext,
  `observacao_conclusao` longtext,
  PRIMARY KEY (`id`,`rev`),
  KEY `FK_os26hrhkks85vd0yr1wjdv6nw` (`rev`),
  CONSTRAINT `FK_os26hrhkks85vd0yr1wjdv6nw` FOREIGN KEY (`rev`) REFERENCES `revision` (`rev`)
) ENGINE=InnoDB DEFAULT CHARSET=latin1;
/*!40101 SET character_set_client = @saved_cs_client */;

--
-- Dumping data for table `ocorrencia_aud`
--

LOCK TABLES `ocorrencia_aud` WRITE;
/*!40000 ALTER TABLE `ocorrencia_aud` DISABLE KEYS */;
INSERT INTO `ocorrencia_aud` VALUES (14,135,0,NULL,'2017-06-14 19:33:46','-20.4613394','-45.427763',NULL,'ABE',7,14,13,'Tem um burraco muito grande aqui','010DA6F8212052521CBE380D9D08B3FF','R. Quintino Bocaiúva, 288, Formiga - MG, 35570-000, Brazil',NULL),(14,242,2,NULL,NULL,NULL,NULL,NULL,NULL,NULL,NULL,NULL,NULL,NULL,NULL,NULL),(15,136,0,NULL,'2017-06-14 19:37:47','','',NULL,'ABE',NULL,14,13,'Teste','F7782D109F0CCE8976FAAA9E87422757','Err',NULL);
/*!40000 ALTER TABLE `ocorrencia_aud` ENABLE KEYS */;
UNLOCK TABLES;

--
-- Table structure for table `parametros_aplicacao`
--

DROP TABLE IF EXISTS `parametros_aplicacao`;
/*!40101 SET @saved_cs_client     = @@character_set_client */;
/*!40101 SET character_set_client = utf8 */;
CREATE TABLE `parametros_aplicacao` (
  `id` bigint(20) NOT NULL AUTO_INCREMENT,
  `data_ult_alteracao` datetime NOT NULL,
  `usuario_ult_alteracao` varchar(150) NOT NULL,
  `versao` int(11) NOT NULL,
  `email` varchar(200) DEFAULT NULL,
  `host_smtp` varchar(100) DEFAULT NULL,
  `porta_smtp` varchar(100) DEFAULT NULL,
  `senha_email` varchar(100) DEFAULT NULL,
  `modelo_mensagem_cidadao` longtext,
  `modelo_mensagem_responsavel` longtext,
  `modelo_documento_ocorrencia` longtext,
  `cabecalho_documento_ocorrencia` longtext,
  `rodape_documento_ocorrencia` longtext,
  PRIMARY KEY (`id`)
) ENGINE=InnoDB AUTO_INCREMENT=2 DEFAULT CHARSET=latin1;
/*!40101 SET character_set_client = @saved_cs_client */;

--
-- Dumping data for table `parametros_aplicacao`
--

LOCK TABLES `parametros_aplicacao` WRITE;
/*!40000 ALTER TABLE `parametros_aplicacao` DISABLE KEYS */;
INSERT INTO `parametros_aplicacao` VALUES (1,'2017-06-14 18:54:19','admin',14,'prefeituraformiga@gmail.com','smtp.gmail.com','587','pfereituraformiga','<p>Prezado Sr.(a) #NOME_CIDADAO#,</p>\n\n<p>A Prefeitura Municipal vem informar que a ocorr&ecirc;ncia de protocolo n&ordm; #PROTOCOLO_OCORRENCIA#, foi encaminhada ao setor respons&aacute;vel.</p>\n\n<p>Abaixo a descri&ccedil;&atilde;o dos dados da ocorr&ecirc;ncia:</p>\n\n<ul>\n	<li>Tipo: #TIPO_OCORRENCIA#</li>\n	<li>Data: #DATA_OCORRENCIA#</li>\n	<li>Endere&ccedil;o: #ENDERECO_OCORRENCIA#</li>\n	<li>Status: #STATUS_OCORRENCIA#</li>\n</ul>\n\n<p>Atenciosamente,</p>\n\n<p>Prefeitura Municipal</p>\n','<p>Prezado Sr.(a) Secret&aacute;rio,</p>\n\n<p>Informamos que a ocorr&ecirc;ncia de protocolo n&ordm; #PROTOCOLO_OCORRENCIA#, foi encaminhada para resolu&ccedil;&atilde;o.</p>\n\n<p>Abaixo a descri&ccedil;&atilde;o dos dados da ocorr&ecirc;ncia:</p>\n\n<ul>\n	<li>Tipo: #TIPO_OCORRENCIA#</li>\n	<li>Data: #DATA_OCORRENCIA#</li>\n	<li>Endere&ccedil;o: #ENDERECO_OCORRENCIA#</li>\n	<li>Status: #STATUS_OCORRENCIA#</li>\n	<li>Observa&ccedil;&atilde;o do Cidad&atilde;o: #OBSERVACAO_CIDADAO#</li>\n</ul>\n\n<p>Observa&ccedil;&atilde;o do Gabinete: #OBSERVACAO_RESPONSAVEL#</p>\n\n<p>Atenciosamente,</p>\n\n<p>Prefeitura Municipal</p>\n','<p><span style=\"font-size:12px\"><strong>Ocorr&ecirc;ncia Protocolo n&ordm;:&nbsp;</strong>#PROTOCOLO_OCORRENCIA#</span></p>\n\n<p><span style=\"font-size:12px\"><strong>Tipo:&nbsp;</strong>#TIPO_OCORRENCIA#</span></p>\n\n<p><span style=\"font-size:12px\"><strong>Solicitante:&nbsp;</strong>#NOME_CIDADAO#</span></p>\n\n<p><span style=\"font-size:12px\"><strong>Endere&ccedil;o:&nbsp;</strong>#ENDERECO_OCORRENCIA#</span></p>\n\n<p><span style=\"font-size:12px\"><strong>Data:&nbsp;</strong>#DATA_OCORRENCIA#</span></p>\n\n<p><span style=\"font-size:12px\"><strong>Status:&nbsp;</strong>#STATUS_OCORRENCIA#</span></p>\n\n<p><span style=\"font-size:12px\"><strong>Observa&ccedil;&atilde;o:&nbsp;</strong>#OBSERVACAO_CIDADAO#</span></p>\n\n<p><span style=\"font-size:12px\"><strong>Foto:</strong>&nbsp;</span></p>\n\n<p><span style=\"font-size:12px\">#FOTO_OCORRENCIA#</span></p>\n\n<hr />\n<p><span style=\"font-size:12px\"><strong>Data Conclus&atilde;o: </strong>#DATA_CONCLUSAO#</span></p>\n\n<p><span style=\"font-size:12px\"><strong>Respons&aacute;vel Conclus&atilde;o: </strong>#RESPONSAVEL_CONCLUSAO#</span></p>\n\n<p><span style=\"font-size:12px\"><strong>Observa&ccedil;&atilde;o:&nbsp;</strong>#OBSERVACAO_RESPONSAVEL#</span></p>\n\n<p>&nbsp;</p>\n\n<hr />\n<p><span style=\"font-size:10px\">DADOS DA ENTREGA/ENVIO DA OCORR&Ecirc;NCIA&nbsp;PROTOCOLO N&ordm;: &nbsp;#PROTOCOLO_OCORRENCIA#</span><br />\n<span style=\"font-size:10px\">RECEBIDO EM:_____/______/_________ &agrave;s ___________Horas.</span><br />\n<span style=\"font-size:10px\">Notificado:_________________________________________________________&nbsp;</span><em>(representante respons&aacute;vel/ procurador)</em><br />\n<span style=\"font-size:10px\">RG:_____________________________CPF:_____________________________</span></p>\n','<table align=\"center\" border=\"0\" cellpadding=\"1\" cellspacing=\"1\" style=\"width:500px\">\n	<tbody>\n		<tr>\n			<td style=\"text-align:center\">#BRASAO_PREFEITURA#</td>\n			<td>\n			<p style=\"text-align:center\"><strong>Prefeitura Municipal</strong></p>\n\n			<p style=\"text-align:center\"><strong>GABINETE DO PREFEITO</strong></p>\n			</td>\n		</tr>\n	</tbody>\n</table>\n','<p>&nbsp;</p>\n\n<hr />\n<p style=\"text-align:center\"><span style=\"font-size:12px\"><strong><em>Rua Quintino Bocaiuva, 298&nbsp;- Centro - Formiga/ Minas Gerais - 35.570-000<br />\nrafael.souza@proex.net.br - (37) 9.9801-4265</em></strong></span></p>\n');
/*!40000 ALTER TABLE `parametros_aplicacao` ENABLE KEYS */;
UNLOCK TABLES;

--
-- Table structure for table `pessoa`
--

DROP TABLE IF EXISTS `pessoa`;
/*!40101 SET @saved_cs_client     = @@character_set_client */;
/*!40101 SET character_set_client = utf8 */;
CREATE TABLE `pessoa` (
  `id` bigint(20) NOT NULL AUTO_INCREMENT,
  `data_ult_alteracao` datetime NOT NULL,
  `usuario_ult_alteracao` varchar(150) NOT NULL,
  `versao` int(11) NOT NULL,
  `celular` varchar(20) DEFAULT NULL,
  `data_nascimento` datetime DEFAULT NULL,
  `email` varchar(120) DEFAULT NULL,
  `nome` varchar(120) NOT NULL,
  `senha` longtext,
  PRIMARY KEY (`id`)
) ENGINE=InnoDB AUTO_INCREMENT=46 DEFAULT CHARSET=latin1;
/*!40101 SET character_set_client = @saved_cs_client */;

--
-- Dumping data for table `pessoa`
--

LOCK TABLES `pessoa` WRITE;
/*!40000 ALTER TABLE `pessoa` DISABLE KEYS */;
INSERT INTO `pessoa` VALUES (13,'2017-08-02 11:24:24','admin',1,'37999668493',NULL,'thiagoleaopinheiro@gmail.com','Thiago Leão Pinheiro','B072F5E846E2FF738628D448071579C9'),(14,'2017-06-14 18:49:42','admin',0,NULL,NULL,'rafael.souza@proex.net.br','Rafael Augusto Reis de Souza','E1F29E9122E6D752EE91E993DC2602C9'),(15,'2017-08-02 11:25:16','admin',0,'37999439083',NULL,'pmformiga.secretariadegoverno@gmail.com','Eugênio Vilela','9501B561A0A32ADF14D44ED28B98D406'),(16,'2017-08-02 11:26:09','admin',0,'37998358509',NULL,'rejane.froex@outlook.com','Rejane Fróes','9501B561A0A32ADF14D44ED28B98D406'),(17,'2017-08-02 11:26:53','admin',0,'37984023597',NULL,'brunafelixpsl@gmail.com','Bruna Felix','9501B561A0A32ADF14D44ED28B98D406'),(18,'2017-08-02 11:27:36','admin',0,'37999842527',NULL,'deniodutra@gmail.com','Denio Dutra Barbosa','9501B561A0A32ADF14D44ED28B98D406'),(19,'2017-08-02 11:28:12','admin',0,'37999542983',NULL,NULL,'Adão - Motorista do Prefeito','9501B561A0A32ADF14D44ED28B98D406'),(20,'2017-08-02 11:28:51','admin',0,'37999253760',NULL,'comunicacao@gmail.com','Welerson de Andrade Cunha','5BE41631594AF97C2DDA16879780B5EC'),(21,'2017-08-02 11:29:26','admin',0,'37998625304',NULL,'aluisioveloso@gmail.com','Aluísio Veloso da Cunha','9501B561A0A32ADF14D44ED28B98D406'),(22,'2017-08-02 11:30:24','admin',0,'37999633683',NULL,'sandrasalviano@bol.com.br;procuradoriafga@gmail.com','Sandra Micheline de Castro Salviano','2BE34FCCAB29B6A6F511FA3E5B8F10C1'),(23,'2017-08-02 11:31:16','admin',0,'37998011165',NULL,'procuradoriafga@gmail.com;oliveiraneto.adv@gmail.com','José Ferreira de Oliveira Neto','2BE34FCCAB29B6A6F511FA3E5B8F10C1'),(24,'2017-08-02 11:32:11','admin',0,'37999629283',NULL,'arnaldo@gmail.com','Arnaldo Gontijo de Freitas','B6ECC48268C8F879A2873E967ECC4AD3'),(25,'2017-08-02 11:32:56','admin',0,'37984123469',NULL,'jronaldocouto@hotmail.com','José Ronaldo Couto','9501B561A0A32ADF14D44ED28B98D406'),(26,'2017-08-02 11:33:39','admin',0,'37984187807',NULL,'semplarformiga@gmail.com','Romulo Cabral de Oliveira','9501B561A0A32ADF14D44ED28B98D406'),(27,'2017-08-02 11:34:20','admin',0,'37984141388',NULL,'giovanaengambiental@gmail.com','Giovana Mara Rodrigues Borges Rocha','9501B561A0A32ADF14D44ED28B98D406'),(28,'2017-08-02 11:34:57','admin',0,'37984029546',NULL,'jose@gmail.com','José Thiers de Freitas','F8335C72B21C9CF06B5B2601671314C2'),(29,'2017-08-02 11:35:44','admin',0,'37999555783',NULL,'matheusfaria.assessoria@gmail.com','Matheus Afonso de Faria','9501B561A0A32ADF14D44ED28B98D406'),(30,'2017-08-02 11:36:35','admin',0,'37984089638',NULL,'jadersonteixeirasmdh@hotmail.com','Jaderson Teixeira ','9501B561A0A32ADF14D44ED28B98D406'),(31,'2017-08-02 11:37:23','admin',0,'37999521783',NULL,'milenaribeiroadv@gmail.com;sec.adm.pmf@gmail.com','Milena Ribeiro da Silva','9501B561A0A32ADF14D44ED28B98D406'),(32,'2017-08-02 11:38:13','admin',0,'37984011338',NULL,'licitcompras@yahoo.com.br','Stefany Moura de Nóbrega','9501B561A0A32ADF14D44ED28B98D406'),(33,'2017-08-02 11:38:55','admin',0,'37999471983',NULL,'smdeformiga@gmail.com','Alisson Ricardo de Sá','9501B561A0A32ADF14D44ED28B98D406'),(34,'2017-08-02 11:39:26','admin',0,'37984015180',NULL,'glorilza@gmail.com','Glorilza Miranda','9501B561A0A32ADF14D44ED28B98D406'),(35,'2017-08-02 11:40:15','admin',0,'37999678393',NULL,'geraldopereirasaude.gov@gmail.com','José Geraldo Pereira','9501B561A0A32ADF14D44ED28B98D406'),(36,'2017-08-02 11:40:52','admin',0,'37984182913',NULL,'mota.denise@yahoo.com.br','Denise de Meneses Mota','9501B561A0A32ADF14D44ED28B98D406'),(37,'2017-08-02 11:41:33','admin',0,'37984019042',NULL,'seceducacaoformiga@gmail.com;cidcorrea@bol.com.br','Cid Corrêa Mesquita','9501B561A0A32ADF14D44ED28B98D406'),(38,'2017-08-02 11:42:13','admin',0,'37984187431',NULL,'alexartigo28@hotmail.com','Alex Sandro Alvarenga Arouca','9501B561A0A32ADF14D44ED28B98D406'),(39,'2017-08-02 11:42:48','admin',0,'37984024089',NULL,'contabilidadefga@yahoo.com.br','Cleuton Alves','9501B561A0A32ADF14D44ED28B98D406'),(40,'2017-08-02 11:43:25','admin',0,'37984187909',NULL,'controladoriafga@yahoo.com.br','Francisco Ferreira Neto','9501B561A0A32ADF14D44ED28B98D406'),(41,'2017-08-02 11:44:09','admin',0,'37999075791',NULL,'josepereira@gmail.com','José Pereira de Sousa','9501B561A0A32ADF14D44ED28B98D406'),(42,'2017-08-02 11:44:48','admin',0,'37999566251',NULL,'baldomirogsantos@gmail.com','Baldomiro José dos Santos','9501B561A0A32ADF14D44ED28B98D406'),(43,'2017-08-02 11:45:20','admin',0,NULL,NULL,'ronaldo@gmail.com','Rodaldo Cândido da Silva','9501B561A0A32ADF14D44ED28B98D406'),(44,'2017-08-02 11:51:55','admin',0,NULL,NULL,'previfor@formiga.mg.gov.br','Everaldo Alves Pacheco','5BE41631594AF97C2DDA16879780B5EC'),(45,'2017-08-02 12:27:14','admin',0,NULL,NULL,'secretariaobrasfga@yahoo.com.br','Flávio Passos','2CB1601E8F90926457D18F6B3BAC4712');
/*!40000 ALTER TABLE `pessoa` ENABLE KEYS */;
UNLOCK TABLES;

--
-- Table structure for table `pessoa_aud`
--

DROP TABLE IF EXISTS `pessoa_aud`;
/*!40101 SET @saved_cs_client     = @@character_set_client */;
/*!40101 SET character_set_client = utf8 */;
CREATE TABLE `pessoa_aud` (
  `id` bigint(20) NOT NULL,
  `rev` int(11) NOT NULL,
  `revtype` tinyint(4) DEFAULT NULL,
  `celular` varchar(20) DEFAULT NULL,
  `data_nascimento` datetime DEFAULT NULL,
  `email` varchar(120) DEFAULT NULL,
  `nome` varchar(120) DEFAULT NULL,
  `senha` longtext,
  PRIMARY KEY (`id`,`rev`),
  KEY `FK_gnafx1i89dr71c5arre5ai4im` (`rev`),
  CONSTRAINT `FK_gnafx1i89dr71c5arre5ai4im` FOREIGN KEY (`rev`) REFERENCES `revision` (`rev`)
) ENGINE=InnoDB DEFAULT CHARSET=latin1;
/*!40101 SET character_set_client = @saved_cs_client */;

--
-- Dumping data for table `pessoa_aud`
--

LOCK TABLES `pessoa_aud` WRITE;
/*!40000 ALTER TABLE `pessoa_aud` DISABLE KEYS */;
INSERT INTO `pessoa_aud` VALUES (13,127,0,NULL,NULL,'thiagoleaopinheiro@gmail.com','Thiago Leão Pinheiro','B072F5E846E2FF738628D448071579C9'),(13,138,1,'37999668493',NULL,'thiagoleaopinheiro@gmail.com','Thiago Leão Pinheiro','B072F5E846E2FF738628D448071579C9'),(14,128,0,NULL,NULL,'rafael.souza@proex.net.br','Rafael Augusto Reis de Souza','E1F29E9122E6D752EE91E993DC2602C9'),(15,139,0,'37999439083',NULL,'pmformiga.secretariadegoverno@gmail.com','Eugênio Vilela','9501B561A0A32ADF14D44ED28B98D406'),(16,140,0,'37998358509',NULL,'rejane.froex@outlook.com','Rejane Fróes','9501B561A0A32ADF14D44ED28B98D406'),(17,141,0,'37984023597',NULL,'brunafelixpsl@gmail.com','Bruna Felix','9501B561A0A32ADF14D44ED28B98D406'),(18,142,0,'37999842527',NULL,'deniodutra@gmail.com','Denio Dutra Barbosa','9501B561A0A32ADF14D44ED28B98D406'),(19,143,0,'37999542983',NULL,NULL,'Adão - Motorista do Prefeito','9501B561A0A32ADF14D44ED28B98D406'),(20,144,0,'37999253760',NULL,'comunicacao@gmail.com','Welerson de Andrade Cunha','5BE41631594AF97C2DDA16879780B5EC'),(21,145,0,'37998625304',NULL,'aluisioveloso@gmail.com','Aluísio Veloso da Cunha','9501B561A0A32ADF14D44ED28B98D406'),(22,146,0,'37999633683',NULL,'sandrasalviano@bol.com.br;procuradoriafga@gmail.com','Sandra Micheline de Castro Salviano','2BE34FCCAB29B6A6F511FA3E5B8F10C1'),(23,147,0,'37998011165',NULL,'procuradoriafga@gmail.com;oliveiraneto.adv@gmail.com','José Ferreira de Oliveira Neto','2BE34FCCAB29B6A6F511FA3E5B8F10C1'),(24,148,0,'37999629283',NULL,'arnaldo@gmail.com','Arnaldo Gontijo de Freitas','B6ECC48268C8F879A2873E967ECC4AD3'),(25,149,0,'37984123469',NULL,'jronaldocouto@hotmail.com','José Ronaldo Couto','9501B561A0A32ADF14D44ED28B98D406'),(26,150,0,'37984187807',NULL,'semplarformiga@gmail.com','Romulo Cabral de Oliveira','9501B561A0A32ADF14D44ED28B98D406'),(27,151,0,'37984141388',NULL,'giovanaengambiental@gmail.com','Giovana Mara Rodrigues Borges Rocha','9501B561A0A32ADF14D44ED28B98D406'),(28,152,0,'37984029546',NULL,'jose@gmail.com','José Thiers de Freitas','F8335C72B21C9CF06B5B2601671314C2'),(29,153,0,'37999555783',NULL,'matheusfaria.assessoria@gmail.com','Matheus Afonso de Faria','9501B561A0A32ADF14D44ED28B98D406'),(30,154,0,'37984089638',NULL,'jadersonteixeirasmdh@hotmail.com','Jaderson Teixeira ','9501B561A0A32ADF14D44ED28B98D406'),(31,155,0,'37999521783',NULL,'milenaribeiroadv@gmail.com;sec.adm.pmf@gmail.com','Milena Ribeiro da Silva','9501B561A0A32ADF14D44ED28B98D406'),(32,156,0,'37984011338',NULL,'licitcompras@yahoo.com.br','Stefany Moura de Nóbrega','9501B561A0A32ADF14D44ED28B98D406'),(33,157,0,'37999471983',NULL,'smdeformiga@gmail.com','Alisson Ricardo de Sá','9501B561A0A32ADF14D44ED28B98D406'),(34,158,0,'37984015180',NULL,'glorilza@gmail.com','Glorilza Miranda','9501B561A0A32ADF14D44ED28B98D406'),(35,159,0,'37999678393',NULL,'geraldopereirasaude.gov@gmail.com','José Geraldo Pereira','9501B561A0A32ADF14D44ED28B98D406'),(36,160,0,'37984182913',NULL,'mota.denise@yahoo.com.br','Denise de Meneses Mota','9501B561A0A32ADF14D44ED28B98D406'),(37,161,0,'37984019042',NULL,'seceducacaoformiga@gmail.com;cidcorrea@bol.com.br','Cid Corrêa Mesquita','9501B561A0A32ADF14D44ED28B98D406'),(38,162,0,'37984187431',NULL,'alexartigo28@hotmail.com','Alex Sandro Alvarenga Arouca','9501B561A0A32ADF14D44ED28B98D406'),(39,163,0,'37984024089',NULL,'contabilidadefga@yahoo.com.br','Cleuton Alves','9501B561A0A32ADF14D44ED28B98D406'),(40,164,0,'37984187909',NULL,'controladoriafga@yahoo.com.br','Francisco Ferreira Neto','9501B561A0A32ADF14D44ED28B98D406'),(41,165,0,'37999075791',NULL,'josepereira@gmail.com','José Pereira de Sousa','9501B561A0A32ADF14D44ED28B98D406'),(42,166,0,'37999566251',NULL,'baldomirogsantos@gmail.com','Baldomiro José dos Santos','9501B561A0A32ADF14D44ED28B98D406'),(43,167,0,NULL,NULL,'ronaldo@gmail.com','Rodaldo Cândido da Silva','9501B561A0A32ADF14D44ED28B98D406'),(44,168,0,NULL,NULL,'previfor@formiga.mg.gov.br','Everaldo Alves Pacheco','5BE41631594AF97C2DDA16879780B5EC'),(45,170,0,NULL,NULL,'secretariaobrasfga@yahoo.com.br','Flávio Passos','2CB1601E8F90926457D18F6B3BAC4712');
/*!40000 ALTER TABLE `pessoa_aud` ENABLE KEYS */;
UNLOCK TABLES;

--
-- Table structure for table `prefeitura`
--

DROP TABLE IF EXISTS `prefeitura`;
/*!40101 SET @saved_cs_client     = @@character_set_client */;
/*!40101 SET character_set_client = utf8 */;
CREATE TABLE `prefeitura` (
  `id` bigint(20) NOT NULL AUTO_INCREMENT,
  `data_ult_alteracao` datetime NOT NULL,
  `usuario_ult_alteracao` varchar(150) NOT NULL,
  `versao` int(11) NOT NULL,
  `cnpj` varchar(14) DEFAULT NULL,
  `email` varchar(200) DEFAULT NULL,
  `cep` varchar(10) DEFAULT NULL,
  `cidade` varchar(120) DEFAULT NULL,
  `complemento` varchar(40) DEFAULT NULL,
  `numero` varchar(10) DEFAULT NULL,
  `fax` varchar(10) DEFAULT NULL,
  `nome` varchar(200) NOT NULL,
  `nome_abreviado` varchar(100) DEFAULT NULL,
  `site` varchar(200) DEFAULT NULL,
  `telefone` varchar(10) DEFAULT NULL,
  `bairro` bigint(20) DEFAULT NULL,
  `logradouro` bigint(20) DEFAULT NULL,
  `brasao` bigint(20) DEFAULT NULL,
  `logomarca` bigint(20) DEFAULT NULL,
  `latitude` varchar(20) DEFAULT NULL,
  `longitude` varchar(20) DEFAULT NULL,
  PRIMARY KEY (`id`),
  KEY `FK_CAD_PREFEITURA_BRASAO` (`brasao`),
  KEY `FK_CAD_PREFEITURA_FOTO_PREFEITURA` (`logomarca`),
  KEY `FK_ENDERECO_BAIRRO` (`bairro`),
  KEY `FK_ENDERECO_LOGRADOURO` (`logradouro`),
  CONSTRAINT `FK_CAD_PREFEITURA_BRASAO` FOREIGN KEY (`brasao`) REFERENCES `foto_prefeitura` (`id`),
  CONSTRAINT `FK_CAD_PREFEITURA_FOTO_PREFEITURA` FOREIGN KEY (`logomarca`) REFERENCES `foto_prefeitura` (`id`),
  CONSTRAINT `FK_ENDERECO_BAIRRO` FOREIGN KEY (`bairro`) REFERENCES `bairro` (`id`),
  CONSTRAINT `FK_ENDERECO_LOGRADOURO` FOREIGN KEY (`logradouro`) REFERENCES `logradouro` (`id`)
) ENGINE=InnoDB AUTO_INCREMENT=2 DEFAULT CHARSET=latin1;
/*!40101 SET character_set_client = @saved_cs_client */;

--
-- Dumping data for table `prefeitura`
--

LOCK TABLES `prefeitura` WRITE;
/*!40000 ALTER TABLE `prefeitura` DISABLE KEYS */;
INSERT INTO `prefeitura` VALUES (1,'2017-08-02 12:30:14','admin',17,NULL,NULL,NULL,NULL,NULL,NULL,NULL,'Prefeitura Municipal de Formiga','Prefeitura de Formiga',NULL,NULL,NULL,NULL,6,NULL,'-20.463145','-45.430257');
/*!40000 ALTER TABLE `prefeitura` ENABLE KEYS */;
UNLOCK TABLES;

--
-- Table structure for table `prefeitura_aud`
--

DROP TABLE IF EXISTS `prefeitura_aud`;
/*!40101 SET @saved_cs_client     = @@character_set_client */;
/*!40101 SET character_set_client = utf8 */;
CREATE TABLE `prefeitura_aud` (
  `id` bigint(20) NOT NULL,
  `rev` int(11) NOT NULL,
  `revtype` tinyint(4) DEFAULT NULL,
  `cnpj` varchar(14) DEFAULT NULL,
  `email` varchar(200) DEFAULT NULL,
  `cep` varchar(10) DEFAULT NULL,
  `cidade` varchar(120) DEFAULT NULL,
  `complemento` varchar(40) DEFAULT NULL,
  `numero` varchar(10) DEFAULT NULL,
  `fax` varchar(10) DEFAULT NULL,
  `nome` varchar(200) DEFAULT NULL,
  `nome_abreviado` varchar(100) DEFAULT NULL,
  `site` varchar(200) DEFAULT NULL,
  `telefone` varchar(10) DEFAULT NULL,
  `bairro` bigint(20) DEFAULT NULL,
  `logradouro` bigint(20) DEFAULT NULL,
  `brasao` bigint(20) DEFAULT NULL,
  `logomarca` bigint(20) DEFAULT NULL,
  `latitude` varchar(20) DEFAULT NULL,
  `longitude` varchar(20) DEFAULT NULL,
  PRIMARY KEY (`id`,`rev`),
  KEY `FK_n1bklkwjt8x4klshlg23udxlg` (`rev`),
  CONSTRAINT `FK_n1bklkwjt8x4klshlg23udxlg` FOREIGN KEY (`rev`) REFERENCES `revision` (`rev`)
) ENGINE=InnoDB DEFAULT CHARSET=latin1;
/*!40101 SET character_set_client = @saved_cs_client */;

--
-- Dumping data for table `prefeitura_aud`
--

LOCK TABLES `prefeitura_aud` WRITE;
/*!40000 ALTER TABLE `prefeitura_aud` DISABLE KEYS */;
INSERT INTO `prefeitura_aud` VALUES (1,131,1,NULL,NULL,NULL,NULL,NULL,NULL,NULL,'Prefeitura Municipal de Formiga','Prefeitura de Formiga',NULL,NULL,NULL,NULL,NULL,NULL,'-20.463145','-45.430257'),(1,169,1,NULL,NULL,NULL,NULL,NULL,NULL,NULL,'Prefeitura Municipal de Formiga','Prefeitura de Formiga',NULL,NULL,NULL,NULL,NULL,NULL,'-20.463145','-45.430257'),(1,172,1,NULL,NULL,NULL,NULL,NULL,NULL,NULL,'Prefeitura Municipal de Formiga','Prefeitura de Formiga',NULL,NULL,NULL,NULL,6,NULL,'-20.463145','-45.430257');
/*!40000 ALTER TABLE `prefeitura_aud` ENABLE KEYS */;
UNLOCK TABLES;

--
-- Table structure for table `revision`
--

DROP TABLE IF EXISTS `revision`;
/*!40101 SET @saved_cs_client     = @@character_set_client */;
/*!40101 SET character_set_client = utf8 */;
CREATE TABLE `revision` (
  `rev` int(11) NOT NULL AUTO_INCREMENT,
  `acao_realizada` varchar(4) DEFAULT NULL,
  `caso_de_uso` varchar(255) DEFAULT NULL,
  `data_ult_alteracao` datetime DEFAULT NULL,
  `ip` varchar(20) DEFAULT NULL,
  `usuario_ult_alteracao` varchar(255) DEFAULT NULL,
  PRIMARY KEY (`rev`)
) ENGINE=InnoDB AUTO_INCREMENT=243 DEFAULT CHARSET=latin1;
/*!40101 SET character_set_client = @saved_cs_client */;

--
-- Dumping data for table `revision`
--

LOCK TABLES `revision` WRITE;
/*!40000 ALTER TABLE `revision` DISABLE KEYS */;
INSERT INTO `revision` VALUES (127,NULL,NULL,'2017-06-14 18:49:13',NULL,'admin'),(128,NULL,NULL,'2017-06-14 18:49:42',NULL,'admin'),(129,NULL,NULL,'2017-06-14 18:50:21',NULL,'admin'),(130,NULL,NULL,'2017-06-14 18:50:44',NULL,'admin'),(131,NULL,NULL,'2017-06-14 18:53:00',NULL,'admin'),(132,NULL,NULL,'2017-06-14 19:29:21',NULL,'admin'),(133,NULL,NULL,'2017-06-14 19:30:01',NULL,'admin'),(134,NULL,NULL,'2017-06-14 19:30:12',NULL,'admin'),(135,NULL,NULL,'2017-06-14 19:33:47',NULL,NULL),(136,NULL,NULL,'2017-06-14 19:37:48',NULL,NULL),(137,NULL,NULL,'2017-06-16 14:06:37',NULL,'admin'),(138,NULL,NULL,'2017-08-02 11:24:24',NULL,'admin'),(139,NULL,NULL,'2017-08-02 11:25:16',NULL,'admin'),(140,NULL,NULL,'2017-08-02 11:26:09',NULL,'admin'),(141,NULL,NULL,'2017-08-02 11:26:53',NULL,'admin'),(142,NULL,NULL,'2017-08-02 11:27:36',NULL,'admin'),(143,NULL,NULL,'2017-08-02 11:28:12',NULL,'admin'),(144,NULL,NULL,'2017-08-02 11:28:51',NULL,'admin'),(145,NULL,NULL,'2017-08-02 11:29:26',NULL,'admin'),(146,NULL,NULL,'2017-08-02 11:30:24',NULL,'admin'),(147,NULL,NULL,'2017-08-02 11:31:16',NULL,'admin'),(148,NULL,NULL,'2017-08-02 11:32:11',NULL,'admin'),(149,NULL,NULL,'2017-08-02 11:32:56',NULL,'admin'),(150,NULL,NULL,'2017-08-02 11:33:39',NULL,'admin'),(151,NULL,NULL,'2017-08-02 11:34:20',NULL,'admin'),(152,NULL,NULL,'2017-08-02 11:34:57',NULL,'admin'),(153,NULL,NULL,'2017-08-02 11:35:44',NULL,'admin'),(154,NULL,NULL,'2017-08-02 11:36:35',NULL,'admin'),(155,NULL,NULL,'2017-08-02 11:37:23',NULL,'admin'),(156,NULL,NULL,'2017-08-02 11:38:13',NULL,'admin'),(157,NULL,NULL,'2017-08-02 11:38:55',NULL,'admin'),(158,NULL,NULL,'2017-08-02 11:39:26',NULL,'admin'),(159,NULL,NULL,'2017-08-02 11:40:15',NULL,'admin'),(160,NULL,NULL,'2017-08-02 11:40:52',NULL,'admin'),(161,NULL,NULL,'2017-08-02 11:41:33',NULL,'admin'),(162,NULL,NULL,'2017-08-02 11:42:13',NULL,'admin'),(163,NULL,NULL,'2017-08-02 11:42:48',NULL,'admin'),(164,NULL,NULL,'2017-08-02 11:43:25',NULL,'admin'),(165,NULL,NULL,'2017-08-02 11:44:09',NULL,'admin'),(166,NULL,NULL,'2017-08-02 11:44:48',NULL,'admin'),(167,NULL,NULL,'2017-08-02 11:45:20',NULL,'admin'),(168,NULL,NULL,'2017-08-02 11:51:55',NULL,'admin'),(169,NULL,NULL,'2017-08-02 11:52:53',NULL,'admin'),(170,NULL,NULL,'2017-08-02 12:27:14',NULL,'admin'),(171,NULL,NULL,'2017-08-02 12:27:52',NULL,'admin'),(172,NULL,NULL,'2017-08-02 12:30:14',NULL,'admin'),(173,NULL,NULL,'2017-08-02 12:57:37',NULL,'admin'),(174,NULL,NULL,'2017-08-02 12:57:56',NULL,'admin'),(175,NULL,NULL,'2017-08-02 12:58:46',NULL,'admin'),(176,NULL,NULL,'2017-08-02 12:59:03',NULL,'admin'),(177,NULL,NULL,'2017-08-02 12:59:15',NULL,'admin'),(178,NULL,NULL,'2017-08-02 12:59:22',NULL,'admin'),(179,NULL,NULL,'2017-08-02 12:59:33',NULL,'admin'),(180,NULL,NULL,'2017-08-02 12:59:42',NULL,'admin'),(181,NULL,NULL,'2017-08-02 12:59:54',NULL,'admin'),(182,NULL,NULL,'2017-08-02 13:00:10',NULL,'admin'),(183,NULL,NULL,'2017-08-02 13:00:25',NULL,'admin'),(184,NULL,NULL,'2017-08-02 13:00:32',NULL,'admin'),(185,NULL,NULL,'2017-08-02 13:00:43',NULL,'admin'),(186,NULL,NULL,'2017-08-02 13:00:59',NULL,'admin'),(187,NULL,NULL,'2017-08-02 13:01:14',NULL,'admin'),(188,NULL,NULL,'2017-08-02 13:01:32',NULL,'admin'),(189,NULL,NULL,'2017-08-02 13:01:43',NULL,'admin'),(190,NULL,NULL,'2017-08-02 13:01:56',NULL,'admin'),(191,NULL,NULL,'2017-08-02 13:02:06',NULL,'admin'),(192,NULL,NULL,'2017-08-02 13:02:22',NULL,'admin'),(193,NULL,NULL,'2017-08-02 13:02:37',NULL,'admin'),(194,NULL,NULL,'2017-08-02 13:02:47',NULL,'admin'),(195,NULL,NULL,'2017-08-02 13:02:56',NULL,'admin'),(196,NULL,NULL,'2017-08-02 13:03:07',NULL,'admin'),(197,NULL,NULL,'2017-08-02 13:03:33',NULL,'admin'),(198,NULL,NULL,'2017-08-02 13:03:58',NULL,'admin'),(199,NULL,NULL,'2017-08-02 13:04:07',NULL,'admin'),(200,NULL,NULL,'2017-08-02 13:04:17',NULL,'admin'),(201,NULL,NULL,'2017-08-02 13:04:36',NULL,'admin'),(202,NULL,NULL,'2017-08-02 13:05:01',NULL,'admin'),(203,NULL,NULL,'2017-08-02 13:05:10',NULL,'admin'),(204,NULL,NULL,'2017-08-02 13:05:26',NULL,'admin'),(205,NULL,NULL,'2017-08-02 13:05:39',NULL,'admin'),(206,NULL,NULL,'2017-08-02 13:05:55',NULL,'admin'),(207,NULL,NULL,'2017-08-02 13:06:06',NULL,'admin'),(208,NULL,NULL,'2017-08-02 13:06:17',NULL,'admin'),(209,NULL,NULL,'2017-08-02 13:06:45',NULL,'admin'),(210,NULL,NULL,'2017-08-02 13:06:56',NULL,'admin'),(211,NULL,NULL,'2017-08-02 13:07:12',NULL,'admin'),(212,NULL,NULL,'2017-08-02 13:07:26',NULL,'admin'),(213,NULL,NULL,'2017-08-02 13:07:41',NULL,'admin'),(214,NULL,NULL,'2017-08-02 13:07:51',NULL,'admin'),(215,NULL,NULL,'2017-08-02 13:08:01',NULL,'admin'),(216,NULL,NULL,'2017-08-02 13:08:11',NULL,'admin'),(217,NULL,NULL,'2017-08-02 13:08:25',NULL,'admin'),(218,NULL,NULL,'2017-08-02 13:08:40',NULL,'admin'),(219,NULL,NULL,'2017-08-02 13:09:11',NULL,'admin'),(220,NULL,NULL,'2017-08-02 13:09:24',NULL,'admin'),(221,NULL,NULL,'2017-08-02 13:09:35',NULL,'admin'),(222,NULL,NULL,'2017-08-02 13:09:49',NULL,'admin'),(223,NULL,NULL,'2017-08-02 13:10:00',NULL,'admin'),(224,NULL,NULL,'2017-08-02 13:10:24',NULL,'admin'),(225,NULL,NULL,'2017-08-02 13:10:36',NULL,'admin'),(226,NULL,NULL,'2017-08-02 13:10:51',NULL,'admin'),(227,NULL,NULL,'2017-08-02 13:11:04',NULL,'admin'),(228,NULL,NULL,'2017-08-02 13:11:22',NULL,'admin'),(229,NULL,NULL,'2017-08-02 13:11:30',NULL,'admin'),(230,NULL,NULL,'2017-08-02 13:12:02',NULL,'admin'),(231,NULL,NULL,'2017-08-02 13:12:26',NULL,'admin'),(232,NULL,NULL,'2017-08-02 13:13:06',NULL,'admin'),(233,NULL,NULL,'2017-08-02 13:13:23',NULL,'admin'),(234,NULL,NULL,'2017-08-02 13:13:36',NULL,'admin'),(235,NULL,NULL,'2017-08-02 13:13:55',NULL,'admin'),(236,NULL,NULL,'2017-08-02 13:14:07',NULL,'admin'),(237,NULL,NULL,'2017-08-02 13:14:17',NULL,'admin'),(238,NULL,NULL,'2017-08-02 13:14:29',NULL,'admin'),(239,NULL,NULL,'2017-08-02 13:14:43',NULL,'admin'),(240,NULL,NULL,'2017-08-02 13:14:56',NULL,'admin'),(241,NULL,NULL,'2017-08-02 13:15:12',NULL,'admin'),(242,NULL,NULL,'2017-08-17 12:51:59',NULL,'admin');
/*!40000 ALTER TABLE `revision` ENABLE KEYS */;
UNLOCK TABLES;

--
-- Table structure for table `secretariado`
--

DROP TABLE IF EXISTS `secretariado`;
/*!40101 SET @saved_cs_client     = @@character_set_client */;
/*!40101 SET character_set_client = utf8 */;
CREATE TABLE `secretariado` (
  `id` bigint(20) NOT NULL AUTO_INCREMENT,
  `data_ult_alteracao` datetime NOT NULL,
  `usuario_ult_alteracao` varchar(150) NOT NULL,
  `versao` int(11) NOT NULL,
  `tipo` varchar(3) NOT NULL,
  `pessoa` bigint(20) NOT NULL,
  `prefeitura` bigint(20) NOT NULL,
  PRIMARY KEY (`id`),
  KEY `FK_SECRETARIADO_PESSOA` (`pessoa`),
  KEY `FK_SECRETARIADO_PREFEITURA` (`prefeitura`),
  CONSTRAINT `FK_SECRETARIADO_PESSOA` FOREIGN KEY (`pessoa`) REFERENCES `pessoa` (`id`),
  CONSTRAINT `FK_SECRETARIADO_PREFEITURA` FOREIGN KEY (`prefeitura`) REFERENCES `prefeitura` (`id`)
) ENGINE=InnoDB AUTO_INCREMENT=21 DEFAULT CHARSET=latin1;
/*!40101 SET character_set_client = @saved_cs_client */;

--
-- Dumping data for table `secretariado`
--

LOCK TABLES `secretariado` WRITE;
/*!40000 ALTER TABLE `secretariado` DISABLE KEYS */;
INSERT INTO `secretariado` VALUES (3,'2017-08-02 12:30:14','admin',4,'GAB',13,1),(4,'2017-08-02 12:30:14','admin',2,'PRE',15,1),(5,'2017-08-02 12:30:14','admin',2,'VIC',37,1),(6,'2017-08-02 12:30:14','admin',2,'FAZ',39,1),(7,'2017-08-02 12:30:14','admin',2,'EDU',37,1),(8,'2017-08-02 12:30:14','admin',2,'SOC',30,1),(9,'2017-08-02 12:30:14','admin',2,'CON',40,1),(10,'2017-08-02 12:30:14','admin',2,'PRO',22,1),(11,'2017-08-02 12:30:14','admin',2,'ADM',31,1),(12,'2017-08-02 12:30:14','admin',2,'DES',33,1),(13,'2017-08-02 12:30:14','admin',2,'OBR',45,1),(14,'2017-08-02 12:30:14','admin',2,'MEI',27,1),(15,'2017-08-02 12:30:14','admin',2,'SAU',35,1),(16,'2017-08-02 12:30:14','admin',2,'CUL',21,1),(17,'2017-08-02 12:30:14','admin',2,'PLA',26,1),(18,'2017-08-02 12:30:14','admin',2,'OUV',20,1),(19,'2017-08-02 12:30:14','admin',2,'PRF',41,1),(20,'2017-08-02 12:30:14','admin',2,'SAA',44,1);
/*!40000 ALTER TABLE `secretariado` ENABLE KEYS */;
UNLOCK TABLES;

--
-- Table structure for table `secretariado_aud`
--

DROP TABLE IF EXISTS `secretariado_aud`;
/*!40101 SET @saved_cs_client     = @@character_set_client */;
/*!40101 SET character_set_client = utf8 */;
CREATE TABLE `secretariado_aud` (
  `id` bigint(20) NOT NULL,
  `rev` int(11) NOT NULL,
  `revtype` tinyint(4) DEFAULT NULL,
  `tipo` varchar(3) DEFAULT NULL,
  `pessoa` bigint(20) DEFAULT NULL,
  `prefeitura` bigint(20) DEFAULT NULL,
  PRIMARY KEY (`id`,`rev`),
  KEY `FK_jfavjai6vq96rt9xbu5hnnysd` (`rev`),
  CONSTRAINT `FK_jfavjai6vq96rt9xbu5hnnysd` FOREIGN KEY (`rev`) REFERENCES `revision` (`rev`)
) ENGINE=InnoDB DEFAULT CHARSET=latin1;
/*!40101 SET character_set_client = @saved_cs_client */;

--
-- Dumping data for table `secretariado_aud`
--

LOCK TABLES `secretariado_aud` WRITE;
/*!40000 ALTER TABLE `secretariado_aud` DISABLE KEYS */;
INSERT INTO `secretariado_aud` VALUES (3,131,0,'ADM',13,1),(3,137,1,'OBR',13,1),(3,169,1,'ADM',13,1),(3,171,1,'GAB',13,1),(4,169,0,'PRE',15,1),(5,169,0,'VIC',37,1),(6,169,0,'PLA',39,1),(6,171,1,'FAZ',39,1),(7,169,0,'EDU',37,1),(8,169,0,'SOC',30,1),(9,169,0,'JUR',40,1),(9,171,1,'CON',40,1),(10,169,0,'PLA',22,1),(10,171,1,'PRO',22,1),(11,169,0,'ADM',31,1),(12,169,0,'DES',33,1),(13,169,0,'OBR',24,1),(13,171,1,'OBR',45,1),(14,169,0,'MEI',27,1),(15,169,0,'SAU',35,1),(16,169,0,'CUL',21,1),(17,169,0,'PLA',26,1),(18,169,0,'JUR',20,1),(18,171,1,'OUV',20,1),(19,169,0,'JUR',41,1),(19,171,1,'PRF',41,1),(20,169,0,'JUR',44,1),(20,171,1,'SAA',44,1);
/*!40000 ALTER TABLE `secretariado_aud` ENABLE KEYS */;
UNLOCK TABLES;

--
-- Table structure for table `seg_menu`
--

DROP TABLE IF EXISTS `seg_menu`;
/*!40101 SET @saved_cs_client     = @@character_set_client */;
/*!40101 SET character_set_client = utf8 */;
CREATE TABLE `seg_menu` (
  `id` bigint(20) NOT NULL AUTO_INCREMENT,
  `data_ult_alteracao` datetime NOT NULL,
  `usuario_ult_alteracao` varchar(150) NOT NULL,
  `versao` int(11) NOT NULL,
  `nome` varchar(60) NOT NULL,
  `url` varchar(60) NOT NULL,
  PRIMARY KEY (`id`)
) ENGINE=InnoDB AUTO_INCREMENT=15 DEFAULT CHARSET=latin1;
/*!40101 SET character_set_client = @saved_cs_client */;

--
-- Dumping data for table `seg_menu`
--

LOCK TABLES `seg_menu` WRITE;
/*!40000 ALTER TABLE `seg_menu` DISABLE KEYS */;
INSERT INTO `seg_menu` VALUES (1,'2014-10-06 17:02:00','admin',4,'Cadastro de Usuários','segusuario'),(2,'2014-09-23 13:43:00','admin',1,'Cadastro de Menus','segmenu'),(3,'2014-10-23 09:16:07','admin',2,'Cadastro de Perfil','segperfil'),(4,'2014-09-23 13:00:00','amdmin',1,'Cadastro de Regras de Acesso','segperfilmenu'),(5,'2014-10-20 11:04:15','admin',0,'Trocar Senha','segtrocarsenha'),(6,'2014-10-21 08:42:32','admin',0,'Auditoria','segauditoria'),(7,'2016-11-17 13:34:17','admin',0,'Controle de Acesso','segcontroleacesso'),(8,'2017-06-09 10:04:59','admin',0,'Cadastro de Ocorrências','ocorrencia'),(9,'2017-06-09 10:05:22','admin',0,'Tarefas do Usuário','minhastarefa'),(10,'2017-06-09 10:05:38','admin',0,'Parâmetros da Aplicação','parametrosaplicacao'),(11,'2017-06-09 10:05:51','admin',0,'Cadastro de Pessoas','pessoa'),(12,'2017-06-09 10:06:07','admin',0,'Cadastro da Prefeitura','prefeitura'),(13,'2017-06-09 10:06:29','admin',0,'Cadastro de Tipos de Ocorrência','tipoocorrencia'),(14,'2017-06-09 10:07:05','admin',0,'Mapa de Ocorrências','mapaocorrencias');
/*!40000 ALTER TABLE `seg_menu` ENABLE KEYS */;
UNLOCK TABLES;

--
-- Table structure for table `seg_menu_aud`
--

DROP TABLE IF EXISTS `seg_menu_aud`;
/*!40101 SET @saved_cs_client     = @@character_set_client */;
/*!40101 SET character_set_client = utf8 */;
CREATE TABLE `seg_menu_aud` (
  `id` bigint(20) NOT NULL,
  `rev` int(11) NOT NULL,
  `revtype` tinyint(4) DEFAULT NULL,
  `nome` varchar(60) DEFAULT NULL,
  `url` varchar(60) DEFAULT NULL,
  PRIMARY KEY (`id`,`rev`),
  KEY `FK_4a98h1uteo27dxv5mri49a6nd` (`rev`),
  CONSTRAINT `FK_4a98h1uteo27dxv5mri49a6nd` FOREIGN KEY (`rev`) REFERENCES `revision` (`rev`)
) ENGINE=InnoDB DEFAULT CHARSET=latin1;
/*!40101 SET character_set_client = @saved_cs_client */;

--
-- Dumping data for table `seg_menu_aud`
--

LOCK TABLES `seg_menu_aud` WRITE;
/*!40000 ALTER TABLE `seg_menu_aud` DISABLE KEYS */;
INSERT INTO `seg_menu_aud` VALUES (8,108,0,'Cadastro de Ocorrências','ocorrencia'),(9,109,0,'Tarefas do Usuário','minhastarefa'),(10,110,0,'Parâmetros da Aplicação','parametrosaplicacao'),(11,111,0,'Cadastro de Pessoas','pessoa'),(12,112,0,'Cadastro da Prefeitura','prefeitura'),(13,113,0,'Cadastro de Tipos de Ocorrência','tipoocorrencia'),(14,114,0,'Mapa de Ocorrências','mapaocorrencias'),(75,8,0,'teste','teste'),(75,9,2,NULL,NULL);
/*!40000 ALTER TABLE `seg_menu_aud` ENABLE KEYS */;
UNLOCK TABLES;

--
-- Table structure for table `seg_menu_campo`
--

DROP TABLE IF EXISTS `seg_menu_campo`;
/*!40101 SET @saved_cs_client     = @@character_set_client */;
/*!40101 SET character_set_client = utf8 */;
CREATE TABLE `seg_menu_campo` (
  `id` bigint(20) NOT NULL AUTO_INCREMENT,
  `data_ult_alteracao` datetime NOT NULL,
  `usuario_ult_alteracao` varchar(150) NOT NULL,
  `versao` int(11) NOT NULL,
  `id_campo` varchar(60) DEFAULT NULL,
  `nome` varchar(60) DEFAULT NULL,
  `parametro` varchar(60) DEFAULT NULL,
  `menu` bigint(20) NOT NULL,
  PRIMARY KEY (`id`),
  KEY `FK_SEG_MENU_CAMPO_SEG_MENU` (`menu`),
  CONSTRAINT `FK_SEG_MENU_CAMPO_SEG_MENU` FOREIGN KEY (`menu`) REFERENCES `seg_menu` (`id`)
) ENGINE=InnoDB DEFAULT CHARSET=latin1;
/*!40101 SET character_set_client = @saved_cs_client */;

--
-- Dumping data for table `seg_menu_campo`
--

LOCK TABLES `seg_menu_campo` WRITE;
/*!40000 ALTER TABLE `seg_menu_campo` DISABLE KEYS */;
/*!40000 ALTER TABLE `seg_menu_campo` ENABLE KEYS */;
UNLOCK TABLES;

--
-- Table structure for table `seg_menu_campo_aud`
--

DROP TABLE IF EXISTS `seg_menu_campo_aud`;
/*!40101 SET @saved_cs_client     = @@character_set_client */;
/*!40101 SET character_set_client = utf8 */;
CREATE TABLE `seg_menu_campo_aud` (
  `id` bigint(20) NOT NULL,
  `rev` int(11) NOT NULL,
  `revtype` tinyint(4) DEFAULT NULL,
  `id_campo` varchar(60) DEFAULT NULL,
  `nome` varchar(60) DEFAULT NULL,
  `parametro` varchar(60) DEFAULT NULL,
  `menu` bigint(20) DEFAULT NULL,
  PRIMARY KEY (`id`,`rev`),
  KEY `FK_4473w447knovfj9n0o5te0fe3` (`rev`),
  CONSTRAINT `FK_4473w447knovfj9n0o5te0fe3` FOREIGN KEY (`rev`) REFERENCES `revision` (`rev`)
) ENGINE=InnoDB DEFAULT CHARSET=latin1;
/*!40101 SET character_set_client = @saved_cs_client */;

--
-- Dumping data for table `seg_menu_campo_aud`
--

LOCK TABLES `seg_menu_campo_aud` WRITE;
/*!40000 ALTER TABLE `seg_menu_campo_aud` DISABLE KEYS */;
/*!40000 ALTER TABLE `seg_menu_campo_aud` ENABLE KEYS */;
UNLOCK TABLES;

--
-- Table structure for table `seg_perfil`
--

DROP TABLE IF EXISTS `seg_perfil`;
/*!40101 SET @saved_cs_client     = @@character_set_client */;
/*!40101 SET character_set_client = utf8 */;
CREATE TABLE `seg_perfil` (
  `id` bigint(20) NOT NULL AUTO_INCREMENT,
  `data_ult_alteracao` datetime NOT NULL,
  `usuario_ult_alteracao` varchar(150) NOT NULL,
  `versao` int(11) NOT NULL,
  `descricao` varchar(60) NOT NULL,
  `nome` varchar(60) NOT NULL,
  PRIMARY KEY (`id`)
) ENGINE=InnoDB AUTO_INCREMENT=4 DEFAULT CHARSET=latin1;
/*!40101 SET character_set_client = @saved_cs_client */;

--
-- Dumping data for table `seg_perfil`
--

LOCK TABLES `seg_perfil` WRITE;
/*!40000 ALTER TABLE `seg_perfil` DISABLE KEYS */;
INSERT INTO `seg_perfil` VALUES (2,'2017-03-31 14:57:10','admin',2,'Administrador do Sistema','Administrador'),(3,'2017-06-13 14:59:35','admin',3,'Define o acesso dos secretários ao sistema','Secretário');
/*!40000 ALTER TABLE `seg_perfil` ENABLE KEYS */;
UNLOCK TABLES;

--
-- Table structure for table `seg_perfil_aud`
--

DROP TABLE IF EXISTS `seg_perfil_aud`;
/*!40101 SET @saved_cs_client     = @@character_set_client */;
/*!40101 SET character_set_client = utf8 */;
CREATE TABLE `seg_perfil_aud` (
  `id` bigint(20) NOT NULL,
  `rev` int(11) NOT NULL,
  `revtype` tinyint(4) DEFAULT NULL,
  `descricao` varchar(60) DEFAULT NULL,
  `nome` varchar(60) DEFAULT NULL,
  PRIMARY KEY (`id`,`rev`),
  KEY `FK_efc0re1b8swv269empcr9b1go` (`rev`),
  CONSTRAINT `FK_efc0re1b8swv269empcr9b1go` FOREIGN KEY (`rev`) REFERENCES `revision` (`rev`)
) ENGINE=InnoDB DEFAULT CHARSET=latin1;
/*!40101 SET character_set_client = @saved_cs_client */;

--
-- Dumping data for table `seg_perfil_aud`
--

LOCK TABLES `seg_perfil_aud` WRITE;
/*!40000 ALTER TABLE `seg_perfil_aud` DISABLE KEYS */;
INSERT INTO `seg_perfil_aud` VALUES (1,6,2,NULL,NULL),(2,3,0,'teste perfil','teste perfil'),(2,4,1,'Administrador do Sistema','Administrador 1'),(2,7,1,'Administrador do Sistema','Administrador'),(2,8,1,'Administrador do Sistema','Administrador'),(2,108,1,'Administrador do Sistema','Administrador'),(2,109,1,'Administrador do Sistema','Administrador'),(2,110,1,'Administrador do Sistema','Administrador'),(2,111,1,'Administrador do Sistema','Administrador'),(2,112,1,'Administrador do Sistema','Administrador'),(2,113,1,'Administrador do Sistema','Administrador'),(2,114,1,'Administrador do Sistema','Administrador'),(3,115,0,'Define o acesso dos secretários ao sistema','Secretário');
/*!40000 ALTER TABLE `seg_perfil_aud` ENABLE KEYS */;
UNLOCK TABLES;

--
-- Table structure for table `seg_perfil_menu`
--

DROP TABLE IF EXISTS `seg_perfil_menu`;
/*!40101 SET @saved_cs_client     = @@character_set_client */;
/*!40101 SET character_set_client = utf8 */;
CREATE TABLE `seg_perfil_menu` (
  `id` bigint(20) NOT NULL AUTO_INCREMENT,
  `data_ult_alteracao` datetime NOT NULL,
  `usuario_ult_alteracao` varchar(150) NOT NULL,
  `versao` int(11) NOT NULL,
  `data_final` datetime DEFAULT NULL,
  `data_inicial` datetime DEFAULT NULL,
  `tipo_acesso` varchar(3) NOT NULL,
  `menu` bigint(20) DEFAULT NULL,
  `perfil` bigint(20) NOT NULL,
  PRIMARY KEY (`id`),
  KEY `FK_SEG_PERFIL_MENU_MENU` (`menu`),
  KEY `FK_SEG_PERFIL_MENU_SEG_PERFIL` (`perfil`),
  CONSTRAINT `FK_SEG_PERFIL_MENU_MENU` FOREIGN KEY (`menu`) REFERENCES `seg_menu` (`id`),
  CONSTRAINT `FK_SEG_PERFIL_MENU_SEG_PERFIL` FOREIGN KEY (`perfil`) REFERENCES `seg_perfil` (`id`)
) ENGINE=InnoDB AUTO_INCREMENT=29 DEFAULT CHARSET=latin1;
/*!40101 SET character_set_client = @saved_cs_client */;

--
-- Dumping data for table `seg_perfil_menu`
--

LOCK TABLES `seg_perfil_menu` WRITE;
/*!40000 ALTER TABLE `seg_perfil_menu` DISABLE KEYS */;
INSERT INTO `seg_perfil_menu` VALUES (1,'2017-03-31 14:57:10','admin',2,NULL,NULL,'PER',6,2),(2,'2017-03-31 14:57:10','admin',2,NULL,NULL,'PER',2,2),(3,'2017-03-31 14:57:10','admin',2,NULL,NULL,'PER',3,2),(4,'2017-03-31 14:57:10','admin',2,NULL,NULL,'PER',4,2),(5,'2017-03-31 14:57:10','admin',2,NULL,NULL,'PER',1,2),(6,'2017-03-31 14:57:10','admin',2,NULL,NULL,'PER',7,2),(7,'2017-03-31 14:57:10','admin',2,NULL,NULL,'PER',5,2),(8,'2017-06-09 10:04:59','',0,NULL,NULL,'PER',8,2),(9,'2017-06-09 10:05:22','',0,NULL,NULL,'PER',9,2),(10,'2017-06-09 10:05:38','',0,NULL,NULL,'PER',10,2),(11,'2017-06-09 10:05:51','',0,NULL,NULL,'PER',11,2),(12,'2017-06-09 10:06:07','',0,NULL,NULL,'PER',12,2),(13,'2017-06-09 10:06:29','',0,NULL,NULL,'PER',13,2),(14,'2017-06-09 10:07:05','',0,NULL,NULL,'PER',14,2),(15,'2017-06-13 14:59:35','admin',3,NULL,NULL,'NEG',6,3),(16,'2017-06-13 14:59:35','admin',3,NULL,NULL,'NEG',12,3),(17,'2017-06-13 14:59:35','admin',3,NULL,NULL,'NEG',2,3),(18,'2017-06-13 14:59:35','admin',3,NULL,NULL,'NEG',8,3),(19,'2017-06-13 14:59:35','admin',3,NULL,NULL,'NEG',3,3),(20,'2017-06-13 14:59:35','admin',3,NULL,NULL,'NEG',11,3),(21,'2017-06-13 14:59:35','admin',3,NULL,NULL,'NEG',4,3),(22,'2017-06-13 14:59:35','admin',3,NULL,NULL,'NEG',13,3),(23,'2017-06-13 14:59:35','admin',3,NULL,NULL,'NEG',1,3),(24,'2017-06-13 14:59:35','admin',3,NULL,NULL,'NEG',7,3),(25,'2017-06-13 14:59:35','admin',3,NULL,NULL,'NEG',14,3),(26,'2017-06-13 14:59:35','admin',3,NULL,NULL,'NEG',10,3),(27,'2017-06-13 14:59:35','admin',3,NULL,NULL,'PER',9,3),(28,'2017-06-13 14:59:35','admin',3,NULL,NULL,'PER',5,3);
/*!40000 ALTER TABLE `seg_perfil_menu` ENABLE KEYS */;
UNLOCK TABLES;

--
-- Table structure for table `seg_perfil_menu_acao_negado`
--

DROP TABLE IF EXISTS `seg_perfil_menu_acao_negado`;
/*!40101 SET @saved_cs_client     = @@character_set_client */;
/*!40101 SET character_set_client = utf8 */;
CREATE TABLE `seg_perfil_menu_acao_negado` (
  `id` bigint(20) NOT NULL AUTO_INCREMENT,
  `data_ult_alteracao` datetime NOT NULL,
  `usuario_ult_alteracao` varchar(150) NOT NULL,
  `versao` int(11) NOT NULL,
  `acao` varchar(3) DEFAULT NULL,
  `nome` varchar(60) DEFAULT NULL,
  `perfil_menu` bigint(20) NOT NULL,
  PRIMARY KEY (`id`),
  KEY `FK_SEG_PERFIL_MENU_ACAO_NEGADO_PERFIL_MENU` (`perfil_menu`),
  CONSTRAINT `FK_SEG_PERFIL_MENU_ACAO_NEGADO_PERFIL_MENU` FOREIGN KEY (`perfil_menu`) REFERENCES `seg_perfil_menu` (`id`)
) ENGINE=InnoDB DEFAULT CHARSET=latin1;
/*!40101 SET character_set_client = @saved_cs_client */;

--
-- Dumping data for table `seg_perfil_menu_acao_negado`
--

LOCK TABLES `seg_perfil_menu_acao_negado` WRITE;
/*!40000 ALTER TABLE `seg_perfil_menu_acao_negado` DISABLE KEYS */;
/*!40000 ALTER TABLE `seg_perfil_menu_acao_negado` ENABLE KEYS */;
UNLOCK TABLES;

--
-- Table structure for table `seg_perfil_menu_acao_negado_aud`
--

DROP TABLE IF EXISTS `seg_perfil_menu_acao_negado_aud`;
/*!40101 SET @saved_cs_client     = @@character_set_client */;
/*!40101 SET character_set_client = utf8 */;
CREATE TABLE `seg_perfil_menu_acao_negado_aud` (
  `id` bigint(20) NOT NULL,
  `rev` int(11) NOT NULL,
  `revtype` tinyint(4) DEFAULT NULL,
  `acao` varchar(3) DEFAULT NULL,
  `nome` varchar(60) DEFAULT NULL,
  `perfil_menu` bigint(20) DEFAULT NULL,
  PRIMARY KEY (`id`,`rev`),
  KEY `FK_gvkkbfp7eq8pjvmjvu198uqw` (`rev`),
  CONSTRAINT `FK_gvkkbfp7eq8pjvmjvu198uqw` FOREIGN KEY (`rev`) REFERENCES `revision` (`rev`)
) ENGINE=InnoDB DEFAULT CHARSET=latin1;
/*!40101 SET character_set_client = @saved_cs_client */;

--
-- Dumping data for table `seg_perfil_menu_acao_negado_aud`
--

LOCK TABLES `seg_perfil_menu_acao_negado_aud` WRITE;
/*!40000 ALTER TABLE `seg_perfil_menu_acao_negado_aud` DISABLE KEYS */;
/*!40000 ALTER TABLE `seg_perfil_menu_acao_negado_aud` ENABLE KEYS */;
UNLOCK TABLES;

--
-- Table structure for table `seg_perfil_menu_aud`
--

DROP TABLE IF EXISTS `seg_perfil_menu_aud`;
/*!40101 SET @saved_cs_client     = @@character_set_client */;
/*!40101 SET character_set_client = utf8 */;
CREATE TABLE `seg_perfil_menu_aud` (
  `id` bigint(20) NOT NULL,
  `rev` int(11) NOT NULL,
  `revtype` tinyint(4) DEFAULT NULL,
  `data_final` datetime DEFAULT NULL,
  `data_inicial` datetime DEFAULT NULL,
  `tipo_acesso` varchar(3) DEFAULT NULL,
  `menu` bigint(20) DEFAULT NULL,
  `perfil` bigint(20) DEFAULT NULL,
  PRIMARY KEY (`id`,`rev`),
  KEY `FK_3aioa632fvxkilawe900l0s40` (`rev`),
  CONSTRAINT `FK_3aioa632fvxkilawe900l0s40` FOREIGN KEY (`rev`) REFERENCES `revision` (`rev`)
) ENGINE=InnoDB DEFAULT CHARSET=latin1;
/*!40101 SET character_set_client = @saved_cs_client */;

--
-- Dumping data for table `seg_perfil_menu_aud`
--

LOCK TABLES `seg_perfil_menu_aud` WRITE;
/*!40000 ALTER TABLE `seg_perfil_menu_aud` DISABLE KEYS */;
INSERT INTO `seg_perfil_menu_aud` VALUES (1,3,0,NULL,NULL,'PER',6,2),(2,3,0,NULL,NULL,'PER',2,2),(3,3,0,NULL,NULL,'PER',3,2),(4,3,0,NULL,NULL,'PER',4,2),(5,3,0,NULL,NULL,'PER',1,2),(6,3,0,NULL,NULL,'PER',7,2),(7,3,0,NULL,NULL,'PER',5,2),(8,8,0,NULL,NULL,'PER',75,2),(8,108,0,NULL,NULL,'PER',8,2),(9,109,0,NULL,NULL,'PER',9,2),(10,110,0,NULL,NULL,'PER',10,2),(11,111,0,NULL,NULL,'PER',11,2),(12,112,0,NULL,NULL,'PER',12,2),(13,113,0,NULL,NULL,'PER',13,2),(14,114,0,NULL,NULL,'PER',14,2),(15,115,0,NULL,NULL,'PER',6,3),(15,116,1,NULL,NULL,'NEG',6,3),(16,115,0,NULL,NULL,'PER',12,3),(16,116,1,NULL,NULL,'NEG',12,3),(17,115,0,NULL,NULL,'PER',2,3),(17,116,1,NULL,NULL,'NEG',2,3),(17,124,1,NULL,NULL,'PER',2,3),(17,126,1,NULL,NULL,'NEG',2,3),(18,115,0,NULL,NULL,'PER',8,3),(18,116,1,NULL,NULL,'NEG',8,3),(18,124,1,NULL,NULL,'PER',8,3),(18,126,1,NULL,NULL,'NEG',8,3),(19,115,0,NULL,NULL,'PER',3,3),(19,116,1,NULL,NULL,'NEG',3,3),(20,115,0,NULL,NULL,'PER',11,3),(20,116,1,NULL,NULL,'NEG',11,3),(21,115,0,NULL,NULL,'PER',4,3),(21,116,1,NULL,NULL,'NEG',4,3),(22,115,0,NULL,NULL,'PER',13,3),(22,116,1,NULL,NULL,'NEG',13,3),(23,115,0,NULL,NULL,'PER',1,3),(23,116,1,NULL,NULL,'NEG',1,3),(24,115,0,NULL,NULL,'PER',7,3),(24,116,1,NULL,NULL,'NEG',7,3),(25,115,0,NULL,NULL,'PER',14,3),(25,116,1,NULL,NULL,'NEG',14,3),(26,115,0,NULL,NULL,'PER',10,3),(26,116,1,NULL,NULL,'NEG',10,3),(27,115,0,NULL,NULL,'PER',9,3),(28,115,0,NULL,NULL,'PER',5,3);
/*!40000 ALTER TABLE `seg_perfil_menu_aud` ENABLE KEYS */;
UNLOCK TABLES;

--
-- Table structure for table `seg_perfil_menu_campo`
--

DROP TABLE IF EXISTS `seg_perfil_menu_campo`;
/*!40101 SET @saved_cs_client     = @@character_set_client */;
/*!40101 SET character_set_client = utf8 */;
CREATE TABLE `seg_perfil_menu_campo` (
  `id` bigint(20) NOT NULL AUTO_INCREMENT,
  `data_ult_alteracao` datetime NOT NULL,
  `usuario_ult_alteracao` varchar(150) NOT NULL,
  `versao` int(11) NOT NULL,
  `visibilidade_campo` varchar(3) DEFAULT NULL,
  `menu_campo` bigint(20) DEFAULT NULL,
  `perfil_menu` bigint(20) NOT NULL,
  PRIMARY KEY (`id`),
  KEY `FK_SEG_PERFIL_MENU_CAMPO_MENU_CAMPO` (`menu_campo`),
  KEY `FK_SEG_PERFIL_MENU_CAMPO_PERFIL_MENU` (`perfil_menu`),
  CONSTRAINT `FK_SEG_PERFIL_MENU_CAMPO_MENU_CAMPO` FOREIGN KEY (`menu_campo`) REFERENCES `seg_menu_campo` (`id`),
  CONSTRAINT `FK_SEG_PERFIL_MENU_CAMPO_PERFIL_MENU` FOREIGN KEY (`perfil_menu`) REFERENCES `seg_perfil_menu` (`id`)
) ENGINE=InnoDB DEFAULT CHARSET=latin1;
/*!40101 SET character_set_client = @saved_cs_client */;

--
-- Dumping data for table `seg_perfil_menu_campo`
--

LOCK TABLES `seg_perfil_menu_campo` WRITE;
/*!40000 ALTER TABLE `seg_perfil_menu_campo` DISABLE KEYS */;
/*!40000 ALTER TABLE `seg_perfil_menu_campo` ENABLE KEYS */;
UNLOCK TABLES;

--
-- Table structure for table `seg_perfil_menu_campo_aud`
--

DROP TABLE IF EXISTS `seg_perfil_menu_campo_aud`;
/*!40101 SET @saved_cs_client     = @@character_set_client */;
/*!40101 SET character_set_client = utf8 */;
CREATE TABLE `seg_perfil_menu_campo_aud` (
  `id` bigint(20) NOT NULL,
  `rev` int(11) NOT NULL,
  `revtype` tinyint(4) DEFAULT NULL,
  `visibilidade_campo` varchar(3) DEFAULT NULL,
  `menu_campo` bigint(20) DEFAULT NULL,
  `perfil_menu` bigint(20) DEFAULT NULL,
  PRIMARY KEY (`id`,`rev`),
  KEY `FK_6rvl6thpo8swoprpjjkfbcfk6` (`rev`),
  CONSTRAINT `FK_6rvl6thpo8swoprpjjkfbcfk6` FOREIGN KEY (`rev`) REFERENCES `revision` (`rev`)
) ENGINE=InnoDB DEFAULT CHARSET=latin1;
/*!40101 SET character_set_client = @saved_cs_client */;

--
-- Dumping data for table `seg_perfil_menu_campo_aud`
--

LOCK TABLES `seg_perfil_menu_campo_aud` WRITE;
/*!40000 ALTER TABLE `seg_perfil_menu_campo_aud` DISABLE KEYS */;
/*!40000 ALTER TABLE `seg_perfil_menu_campo_aud` ENABLE KEYS */;
UNLOCK TABLES;

--
-- Table structure for table `seg_usuario`
--

DROP TABLE IF EXISTS `seg_usuario`;
/*!40101 SET @saved_cs_client     = @@character_set_client */;
/*!40101 SET character_set_client = utf8 */;
CREATE TABLE `seg_usuario` (
  `id` bigint(20) NOT NULL AUTO_INCREMENT,
  `data_ult_alteracao` datetime NOT NULL,
  `usuario_ult_alteracao` varchar(150) NOT NULL,
  `versao` int(11) NOT NULL,
  `bloqueado` tinyint(1) DEFAULT NULL,
  `login_usuario` varchar(50) NOT NULL,
  `perfil` varchar(7) NOT NULL,
  `senha_usuario` varchar(50) NOT NULL,
  `visualiza_todas_ocorrencias` tinyint(1) DEFAULT NULL,
  `pessoa` bigint(20) NOT NULL,
  PRIMARY KEY (`id`),
  KEY `FK_USUARIO_PESSOA` (`pessoa`),
  CONSTRAINT `FK_USUARIO_PESSOA` FOREIGN KEY (`pessoa`) REFERENCES `pessoa` (`id`)
) ENGINE=InnoDB AUTO_INCREMENT=3 DEFAULT CHARSET=latin1;
/*!40101 SET character_set_client = @saved_cs_client */;

--
-- Dumping data for table `seg_usuario`
--

LOCK TABLES `seg_usuario` WRITE;
/*!40000 ALTER TABLE `seg_usuario` DISABLE KEYS */;
INSERT INTO `seg_usuario` VALUES (1,'2017-06-14 18:50:21','admin',26,0,'admin','Membros','83975272f038b5f46251e2e81867e801',1,14),(2,'2017-06-14 18:50:44','admin',1,0,'thiago','Membros','B072F5E846E2FF738628D448071579C9',0,13);
/*!40000 ALTER TABLE `seg_usuario` ENABLE KEYS */;
UNLOCK TABLES;

--
-- Table structure for table `seg_usuario_aud`
--

DROP TABLE IF EXISTS `seg_usuario_aud`;
/*!40101 SET @saved_cs_client     = @@character_set_client */;
/*!40101 SET character_set_client = utf8 */;
CREATE TABLE `seg_usuario_aud` (
  `id` bigint(20) NOT NULL,
  `rev` int(11) NOT NULL,
  `revtype` tinyint(4) DEFAULT NULL,
  `bloqueado` tinyint(1) DEFAULT NULL,
  `login_usuario` varchar(50) DEFAULT NULL,
  `perfil` varchar(7) DEFAULT NULL,
  `senha_usuario` varchar(50) DEFAULT NULL,
  `visualiza_todas_ocorrencias` tinyint(1) DEFAULT NULL,
  `pessoa` bigint(20) DEFAULT NULL,
  PRIMARY KEY (`id`,`rev`),
  KEY `FK_1oae8siv6701mmmfrcturuloj` (`rev`),
  CONSTRAINT `FK_1oae8siv6701mmmfrcturuloj` FOREIGN KEY (`rev`) REFERENCES `revision` (`rev`)
) ENGINE=InnoDB DEFAULT CHARSET=latin1;
/*!40101 SET character_set_client = @saved_cs_client */;

--
-- Dumping data for table `seg_usuario_aud`
--

LOCK TABLES `seg_usuario_aud` WRITE;
/*!40000 ALTER TABLE `seg_usuario_aud` DISABLE KEYS */;
INSERT INTO `seg_usuario_aud` VALUES (1,35,1,0,'admin','Membros','202cb962ac59075b964b07152d234b70',1,1),(1,129,1,0,'admin','Membros','E1F29E9122E6D752EE91E993DC2602C9',1,14),(2,117,0,0,'thiago','Membros','E10ADC3949BA59ABBE56E057F20F883E',0,9),(2,130,1,0,'thiago','Membros','B072F5E846E2FF738628D448071579C9',0,13),(4,1,0,0,'usuario_teste','Membros','17003122B89CCB2A3D7D4970DE0D91AE',NULL,NULL),(4,2,2,NULL,NULL,NULL,NULL,NULL,NULL);
/*!40000 ALTER TABLE `seg_usuario_aud` ENABLE KEYS */;
UNLOCK TABLES;

--
-- Table structure for table `seg_usuario_perfil`
--

DROP TABLE IF EXISTS `seg_usuario_perfil`;
/*!40101 SET @saved_cs_client     = @@character_set_client */;
/*!40101 SET character_set_client = utf8 */;
CREATE TABLE `seg_usuario_perfil` (
  `id` bigint(20) NOT NULL AUTO_INCREMENT,
  `data_ult_alteracao` datetime NOT NULL,
  `usuario_ult_alteracao` varchar(150) NOT NULL,
  `versao` int(11) NOT NULL,
  `data_final` datetime DEFAULT NULL,
  `data_inicial` datetime DEFAULT NULL,
  `perfil` bigint(20) DEFAULT NULL,
  `usuario` bigint(20) NOT NULL,
  PRIMARY KEY (`id`),
  KEY `FK_SEGUSUARIOPERFIL_PERFIL` (`perfil`),
  KEY `FK_SEGUSUARIOPERFIL_SEGUSUARIO` (`usuario`),
  CONSTRAINT `FK_SEGUSUARIOPERFIL_PERFIL` FOREIGN KEY (`perfil`) REFERENCES `seg_perfil` (`id`),
  CONSTRAINT `FK_SEGUSUARIOPERFIL_SEGUSUARIO` FOREIGN KEY (`usuario`) REFERENCES `seg_usuario` (`id`)
) ENGINE=InnoDB AUTO_INCREMENT=3 DEFAULT CHARSET=latin1;
/*!40101 SET character_set_client = @saved_cs_client */;

--
-- Dumping data for table `seg_usuario_perfil`
--

LOCK TABLES `seg_usuario_perfil` WRITE;
/*!40000 ALTER TABLE `seg_usuario_perfil` DISABLE KEYS */;
INSERT INTO `seg_usuario_perfil` VALUES (1,'2017-06-14 18:50:21','admin',6,'2018-10-31 00:00:00','2010-10-01 00:00:00',2,1),(2,'2017-06-14 18:50:44','admin',1,'2026-06-01 00:00:00','2017-06-01 00:00:00',3,2);
/*!40000 ALTER TABLE `seg_usuario_perfil` ENABLE KEYS */;
UNLOCK TABLES;

--
-- Table structure for table `seg_usuario_perfil_aud`
--

DROP TABLE IF EXISTS `seg_usuario_perfil_aud`;
/*!40101 SET @saved_cs_client     = @@character_set_client */;
/*!40101 SET character_set_client = utf8 */;
CREATE TABLE `seg_usuario_perfil_aud` (
  `id` bigint(20) NOT NULL,
  `rev` int(11) NOT NULL,
  `revtype` tinyint(4) DEFAULT NULL,
  `data_final` datetime DEFAULT NULL,
  `data_inicial` datetime DEFAULT NULL,
  `perfil` bigint(20) DEFAULT NULL,
  `usuario` bigint(20) DEFAULT NULL,
  PRIMARY KEY (`id`,`rev`),
  KEY `FK_j8lfsa2p2a2vmd7x9y1cyqecv` (`rev`),
  CONSTRAINT `FK_j8lfsa2p2a2vmd7x9y1cyqecv` FOREIGN KEY (`rev`) REFERENCES `revision` (`rev`)
) ENGINE=InnoDB DEFAULT CHARSET=latin1;
/*!40101 SET character_set_client = @saved_cs_client */;

--
-- Dumping data for table `seg_usuario_perfil_aud`
--

LOCK TABLES `seg_usuario_perfil_aud` WRITE;
/*!40000 ALTER TABLE `seg_usuario_perfil_aud` DISABLE KEYS */;
INSERT INTO `seg_usuario_perfil_aud` VALUES (1,5,1,'2018-10-31 00:00:00','2010-10-01 00:00:00',2,1),(2,1,0,'2017-03-31 00:00:00','2017-03-01 00:00:00',1,4),(2,2,2,NULL,NULL,NULL,NULL),(2,117,0,'2026-06-01 00:00:00','2017-06-01 00:00:00',3,2);
/*!40000 ALTER TABLE `seg_usuario_perfil_aud` ENABLE KEYS */;
UNLOCK TABLES;

--
-- Table structure for table `tipo_ocorrencia`
--

DROP TABLE IF EXISTS `tipo_ocorrencia`;
/*!40101 SET @saved_cs_client     = @@character_set_client */;
/*!40101 SET character_set_client = utf8 */;
CREATE TABLE `tipo_ocorrencia` (
  `id` bigint(20) NOT NULL AUTO_INCREMENT,
  `data_ult_alteracao` datetime NOT NULL,
  `usuario_ult_alteracao` varchar(150) NOT NULL,
  `versao` int(11) NOT NULL,
  `descricao` varchar(60) NOT NULL,
  `secretaria_responsavel` varchar(3) NOT NULL,
  `icone` bigint(20) DEFAULT NULL,
  PRIMARY KEY (`id`),
  KEY `FK_ICONE_TIPO_OCORRENCIA` (`icone`),
  CONSTRAINT `FK_ICONE_TIPO_OCORRENCIA` FOREIGN KEY (`icone`) REFERENCES `foto_prefeitura` (`id`)
) ENGINE=InnoDB AUTO_INCREMENT=78 DEFAULT CHARSET=latin1;
/*!40101 SET character_set_client = @saved_cs_client */;

--
-- Dumping data for table `tipo_ocorrencia`
--

LOCK TABLES `tipo_ocorrencia` WRITE;
/*!40000 ALTER TABLE `tipo_ocorrencia` DISABLE KEYS */;
INSERT INTO `tipo_ocorrencia` VALUES (13,'2017-08-02 12:57:37','admin',1,'Buraco na Via','OBR',NULL),(14,'2017-08-02 12:57:56','admin',1,'Semáfaoro','OBR',NULL),(15,'2017-08-02 13:08:40','admin',1,'Água Parada','SAA',NULL),(16,'2017-08-02 12:58:46','admin',0,'Estacionamento Irregular','OBR',NULL),(17,'2017-08-02 12:59:03','admin',0,'Bloqueio na Via','OBR',NULL),(18,'2017-08-02 12:59:15','admin',0,'Sinalização','OBR',NULL),(19,'2017-08-02 13:00:59','admin',1,'Veículo Abandonado','OBR',NULL),(20,'2017-08-02 13:00:32','admin',2,'Estradas Rurais','OBR',NULL),(21,'2017-08-02 12:59:42','admin',0,'Lombada','OBR',NULL),(22,'2017-08-02 13:00:43','admin',1,'Deslizamento','OBR',NULL),(23,'2017-08-02 13:00:10','admin',0,'Estradas Urbanas','OBR',NULL),(24,'2017-08-02 13:01:14','admin',0,'Fiscalização de Trânsito','OBR',NULL),(25,'2017-08-02 13:01:32','admin',0,'Capina e Roçada','MEI',NULL),(26,'2017-08-02 13:01:43','admin',0,'Coleta Seletiva','MEI',NULL),(27,'2017-08-02 13:01:56','admin',0,'Canteiros e Jardins','MEI',NULL),(28,'2017-08-02 13:02:06','admin',0,'Limpeza Urbana','MEI',NULL),(29,'2017-08-02 13:02:22','admin',0,'Lixo Orgânico','MEI',NULL),(30,'2017-08-02 13:02:37','admin',0,'Lixo Verde','MEI',NULL),(31,'2017-08-02 13:02:47','admin',0,'Praças','MEI',NULL),(32,'2017-08-02 13:02:56','admin',0,'Parques','MEI',NULL),(33,'2017-08-02 13:03:07','admin',0,'Lixeiras Públicas','MEI',NULL),(34,'2017-08-02 13:03:33','admin',0,'Entulho da Calçada / via Pública','MEI',NULL),(35,'2017-08-02 13:03:58','admin',0,'Fiação Irregular','OBR',NULL),(36,'2017-08-02 13:04:07','admin',0,'Falta de Energia','OBR',NULL),(37,'2017-08-02 13:04:17','admin',0,'Postes / Cabos','OBR',NULL),(38,'2017-08-02 13:04:36','admin',0,'Lâmpada Queimada','OBR',NULL),(39,'2017-08-02 13:05:01','admin',0,'Aterro Sanitário Irregular','MEI',NULL),(40,'2017-08-02 13:05:10','admin',0,'Enxames','MEI',NULL),(41,'2017-08-02 13:05:26','admin',0,'Poda / Retirada de Árvores','MEI',NULL),(42,'2017-08-02 13:05:39','admin',0,'Queimada / Desmatamento Irregular','MEI',NULL),(43,'2017-08-02 13:05:55','admin',0,'Animais Domésticos','MEI',NULL),(44,'2017-08-02 13:06:06','admin',0,'Animais Pecuários','MEI',NULL),(45,'2017-08-02 13:06:17','admin',0,'Fiscalização Ambiental','MEI',NULL),(46,'2017-08-02 13:06:45','admin',0,'Faixa de Pedestre','OBR',NULL),(47,'2017-08-02 13:06:56','admin',0,'Acessibilidade','OBR',NULL),(48,'2017-08-02 13:07:12','admin',0,'Passarela','OBR',NULL),(49,'2017-08-02 13:07:26','admin',0,'Passeio / Calçada','OBR',NULL),(50,'2017-08-02 13:07:41','admin',0,'Alagamento','SAA',NULL),(51,'2017-08-02 13:07:51','admin',0,'Falta de Água','SAA',NULL),(52,'2017-08-02 13:08:01','admin',0,'Vazamentos','SAA',NULL),(53,'2017-08-02 13:08:11','admin',0,'Esgoto','SAA',NULL),(54,'2017-08-02 13:08:25','admin',0,'Bueiro / Boca de Lobo','SAA',NULL),(55,'2017-08-02 13:09:11','admin',0,'Escolas','EDU',NULL),(56,'2017-08-02 13:09:24','admin',0,'Atendimento Turístico','TUR',NULL),(57,'2017-08-02 13:09:35','admin',0,'Cultura','CUL',NULL),(58,'2017-08-02 13:09:49','admin',0,'Assistência Social','SOC',NULL),(59,'2017-08-02 13:10:00','admin',0,'Esportes','ESP',NULL),(60,'2017-08-02 13:10:24','admin',0,'Estação de Transporte Danificada','OBR',NULL),(61,'2017-08-02 13:10:36','admin',0,'Veículo de Transporte Danificado','OBR',NULL),(62,'2017-08-02 13:10:51','admin',0,'Veículo de Transporte Superlotado','OBR',NULL),(63,'2017-08-02 13:11:04','admin',0,'Transporte Público Irregular','OBR',NULL),(64,'2017-08-02 13:11:22','admin',0,'Foco de Dengue','SAU',NULL),(65,'2017-08-02 13:11:30','admin',0,'Consultas / Exames','SAU',NULL),(66,'2017-08-02 13:12:02','admin',0,'Equipamento Público Danificado','PLA',NULL),(67,'2017-08-02 13:12:26','admin',0,'Imóvel Abandonado','PLA',NULL),(68,'2017-08-02 13:13:06','admin',0,'Estabelecimento sem Acessibilidade','GAB',NULL),(69,'2017-08-02 13:13:23','admin',0,'Estabelecimento com Ocupação Irregular','GAB',NULL),(70,'2017-08-02 13:13:36','admin',0,'Poluição Sonora','GAB',NULL),(71,'2017-08-02 13:13:55','admin',0,'Estabelecimento sem Alvará','GAB',NULL),(72,'2017-08-02 13:14:07','admin',0,'Ambulantes','GAB',NULL),(73,'2017-08-02 13:14:17','admin',0,'Obra Irregular','OBR',NULL),(74,'2017-08-02 13:14:29','admin',0,'Publicidade Irregular','GAB',NULL),(75,'2017-08-02 13:14:43','admin',0,'Condição Sanitária Irregular','GAB',NULL),(76,'2017-08-02 13:14:56','admin',0,'Alvará Sanitário','GAB',NULL),(77,'2017-08-02 13:15:12','admin',0,'Emissão de Poluentes','GAB',NULL);
/*!40000 ALTER TABLE `tipo_ocorrencia` ENABLE KEYS */;
UNLOCK TABLES;

--
-- Table structure for table `tipo_ocorrencia_aud`
--

DROP TABLE IF EXISTS `tipo_ocorrencia_aud`;
/*!40101 SET @saved_cs_client     = @@character_set_client */;
/*!40101 SET character_set_client = utf8 */;
CREATE TABLE `tipo_ocorrencia_aud` (
  `id` bigint(20) NOT NULL,
  `rev` int(11) NOT NULL,
  `revtype` tinyint(4) DEFAULT NULL,
  `descricao` varchar(60) DEFAULT NULL,
  `secretaria_responsavel` varchar(3) DEFAULT NULL,
  `icone` bigint(20) DEFAULT NULL,
  PRIMARY KEY (`id`,`rev`),
  KEY `FK_1mhdeghq60le9iib8b5kv6lsb` (`rev`),
  CONSTRAINT `FK_1mhdeghq60le9iib8b5kv6lsb` FOREIGN KEY (`rev`) REFERENCES `revision` (`rev`)
) ENGINE=InnoDB DEFAULT CHARSET=latin1;
/*!40101 SET character_set_client = @saved_cs_client */;

--
-- Dumping data for table `tipo_ocorrencia_aud`
--

LOCK TABLES `tipo_ocorrencia_aud` WRITE;
/*!40000 ALTER TABLE `tipo_ocorrencia_aud` DISABLE KEYS */;
INSERT INTO `tipo_ocorrencia_aud` VALUES (13,132,0,'Buraco','OBR',NULL),(13,173,1,'Buraco na Via','OBR',NULL),(14,133,0,'Iluminação','OBR',NULL),(14,174,1,'Semáfaoro','OBR',NULL),(15,134,0,'Água Parada','MEI',NULL),(15,218,1,'Água Parada','SAA',NULL),(16,175,0,'Estacionamento Irregular','OBR',NULL),(17,176,0,'Bloqueio na Via','OBR',NULL),(18,177,0,'Sinalização','OBR',NULL),(19,178,0,'Deslizamento','OBR',NULL),(19,186,1,'Veículo Abandonado','OBR',NULL),(20,179,0,'Lombada','OBR',NULL),(20,183,1,'Estratas Rurais','OBR',NULL),(20,184,1,'Estradas Rurais','OBR',NULL),(21,180,0,'Lombada','OBR',NULL),(22,181,0,'Lombada','OBR',NULL),(22,185,1,'Deslizamento','OBR',NULL),(23,182,0,'Estradas Urbanas','OBR',NULL),(24,187,0,'Fiscalização de Trânsito','OBR',NULL),(25,188,0,'Capina e Roçada','MEI',NULL),(26,189,0,'Coleta Seletiva','MEI',NULL),(27,190,0,'Canteiros e Jardins','MEI',NULL),(28,191,0,'Limpeza Urbana','MEI',NULL),(29,192,0,'Lixo Orgânico','MEI',NULL),(30,193,0,'Lixo Verde','MEI',NULL),(31,194,0,'Praças','MEI',NULL),(32,195,0,'Parques','MEI',NULL),(33,196,0,'Lixeiras Públicas','MEI',NULL),(34,197,0,'Entulho da Calçada / via Pública','MEI',NULL),(35,198,0,'Fiação Irregular','OBR',NULL),(36,199,0,'Falta de Energia','OBR',NULL),(37,200,0,'Postes / Cabos','OBR',NULL),(38,201,0,'Lâmpada Queimada','OBR',NULL),(39,202,0,'Aterro Sanitário Irregular','MEI',NULL),(40,203,0,'Enxames','MEI',NULL),(41,204,0,'Poda / Retirada de Árvores','MEI',NULL),(42,205,0,'Queimada / Desmatamento Irregular','MEI',NULL),(43,206,0,'Animais Domésticos','MEI',NULL),(44,207,0,'Animais Pecuários','MEI',NULL),(45,208,0,'Fiscalização Ambiental','MEI',NULL),(46,209,0,'Faixa de Pedestre','OBR',NULL),(47,210,0,'Acessibilidade','OBR',NULL),(48,211,0,'Passarela','OBR',NULL),(49,212,0,'Passeio / Calçada','OBR',NULL),(50,213,0,'Alagamento','SAA',NULL),(51,214,0,'Falta de Água','SAA',NULL),(52,215,0,'Vazamentos','SAA',NULL),(53,216,0,'Esgoto','SAA',NULL),(54,217,0,'Bueiro / Boca de Lobo','SAA',NULL),(55,219,0,'Escolas','EDU',NULL),(56,220,0,'Atendimento Turístico','TUR',NULL),(57,221,0,'Cultura','CUL',NULL),(58,222,0,'Assistência Social','SOC',NULL),(59,223,0,'Esportes','ESP',NULL),(60,224,0,'Estação de Transporte Danificada','OBR',NULL),(61,225,0,'Veículo de Transporte Danificado','OBR',NULL),(62,226,0,'Veículo de Transporte Superlotado','OBR',NULL),(63,227,0,'Transporte Público Irregular','OBR',NULL),(64,228,0,'Foco de Dengue','SAU',NULL),(65,229,0,'Consultas / Exames','SAU',NULL),(66,230,0,'Equipamento Público Danificado','PLA',NULL),(67,231,0,'Imóvel Abandonado','PLA',NULL),(68,232,0,'Estabelecimento sem Acessibilidade','GAB',NULL),(69,233,0,'Estabelecimento com Ocupação Irregular','GAB',NULL),(70,234,0,'Poluição Sonora','GAB',NULL),(71,235,0,'Estabelecimento sem Alvará','GAB',NULL),(72,236,0,'Ambulantes','GAB',NULL),(73,237,0,'Obra Irregular','OBR',NULL),(74,238,0,'Publicidade Irregular','GAB',NULL),(75,239,0,'Condição Sanitária Irregular','GAB',NULL),(76,240,0,'Alvará Sanitário','GAB',NULL),(77,241,0,'Emissão de Poluentes','GAB',NULL);
/*!40000 ALTER TABLE `tipo_ocorrencia_aud` ENABLE KEYS */;
UNLOCK TABLES;
/*!40103 SET TIME_ZONE=@OLD_TIME_ZONE */;

/*!40101 SET SQL_MODE=@OLD_SQL_MODE */;
/*!40014 SET FOREIGN_KEY_CHECKS=@OLD_FOREIGN_KEY_CHECKS */;
/*!40014 SET UNIQUE_CHECKS=@OLD_UNIQUE_CHECKS */;
/*!40101 SET CHARACTER_SET_CLIENT=@OLD_CHARACTER_SET_CLIENT */;
/*!40101 SET CHARACTER_SET_RESULTS=@OLD_CHARACTER_SET_RESULTS */;
/*!40101 SET COLLATION_CONNECTION=@OLD_COLLATION_CONNECTION */;
/*!40111 SET SQL_NOTES=@OLD_SQL_NOTES */;

-- Dump completed on 2017-08-17 12:54:15
